{
  "resourceType" : "Bundle",
  "id" : "e560a189-219e-448a-a3f8-aa182802a23f",
  "meta" : {
    "lastUpdated" : "2025-01-10T00:10:52.286+00:00"
  },
  "type" : "collection",
  "entry" : [{
    "fullUrl" : "http://mtnlotus.com/fhir/ppc/ValueSet/ppc-bothersome-health-concerns-vs",
    "resource" : {
      "resourceType" : "ValueSet",
      "text" : {
        "status" : "generated",
        "div" : "<div xmlns=\"http://www.w3.org/1999/xhtml\"><p class=\"res-header-id\"><b>Generated Narrative: ValueSet </b></p><p style=\"border: black 1px dotted; background-color: #EEEEEE; padding: 8px; margin-bottom: 8px\">Expansion based on <a href=\"CodeSystem-ppc-bothersome-health-concern-concepts.html\">codesystem Bothersome Health Concern Concepts v0.1.0 (CodeSystem)</a></p><p>This value set contains 23 concepts</p><table class=\"codes\"><tr><td style=\"white-space:nowrap\"><b>Code</b></td><td><b>System</b></td><td><b>Display</b></td></tr><tr><td style=\"white-space:nowrap\"><a name=\"x-http://mtnlotus.com/fhir/ppc/CodeSystem/ppc-bothersome-health-concern-concepts-other\"> </a>\u00a0\u00a0<a href=\"CodeSystem-ppc-bothersome-health-concern-concepts.html#ppc-bothersome-health-concern-concepts-other\">other</a></td><td>http://mtnlotus.com/fhir/ppc/CodeSystem/ppc-bothersome-health-concern-concepts</td><td>Other</td></tr><tr><td style=\"white-space:nowrap\"><a name=\"x-http://mtnlotus.com/fhir/ppc/CodeSystem/ppc-bothersome-health-concern-concepts-muscle-weakness\"> </a>\u00a0\u00a0<a href=\"CodeSystem-ppc-bothersome-health-concern-concepts.html#ppc-bothersome-health-concern-concepts-muscle-weakness\">muscle-weakness</a></td><td>http://mtnlotus.com/fhir/ppc/CodeSystem/ppc-bothersome-health-concern-concepts</td><td>Feeling muscle weakness</td></tr><tr><td style=\"white-space:nowrap\"><a name=\"x-http://mtnlotus.com/fhir/ppc/CodeSystem/ppc-bothersome-health-concern-concepts-pain\"> </a>\u00a0\u00a0<a href=\"CodeSystem-ppc-bothersome-health-concern-concepts.html#ppc-bothersome-health-concern-concepts-pain\">pain</a></td><td>http://mtnlotus.com/fhir/ppc/CodeSystem/ppc-bothersome-health-concern-concepts</td><td>Feeling pain</td></tr><tr><td style=\"white-space:nowrap\"><a name=\"x-http://mtnlotus.com/fhir/ppc/CodeSystem/ppc-bothersome-health-concern-concepts-unsteady\"> </a>\u00a0\u00a0<a href=\"CodeSystem-ppc-bothersome-health-concern-concepts.html#ppc-bothersome-health-concern-concepts-unsteady\">unsteady</a></td><td>http://mtnlotus.com/fhir/ppc/CodeSystem/ppc-bothersome-health-concern-concepts</td><td>Feeling unsteady; trouble balancing/walking</td></tr><tr><td style=\"white-space:nowrap\"><a name=\"x-http://mtnlotus.com/fhir/ppc/CodeSystem/ppc-bothersome-health-concern-concepts-worried-nervous-anxious\"> </a>\u00a0\u00a0<a href=\"CodeSystem-ppc-bothersome-health-concern-concepts.html#ppc-bothersome-health-concern-concepts-worried-nervous-anxious\">worried-nervous-anxious</a></td><td>http://mtnlotus.com/fhir/ppc/CodeSystem/ppc-bothersome-health-concern-concepts</td><td>Feeling worried, nervous, anxious</td></tr><tr><td style=\"white-space:nowrap\"><a name=\"x-http://mtnlotus.com/fhir/ppc/CodeSystem/ppc-bothersome-health-concern-concepts-sad\"> </a>\u00a0\u00a0<a href=\"CodeSystem-ppc-bothersome-health-concern-concepts.html#ppc-bothersome-health-concern-concepts-sad\">sad</a></td><td>http://mtnlotus.com/fhir/ppc/CodeSystem/ppc-bothersome-health-concern-concepts</td><td>Feeling sad</td></tr><tr><td style=\"white-space:nowrap\"><a name=\"x-http://mtnlotus.com/fhir/ppc/CodeSystem/ppc-bothersome-health-concern-concepts-irritable\"> </a>\u00a0\u00a0<a href=\"CodeSystem-ppc-bothersome-health-concern-concepts.html#ppc-bothersome-health-concern-concepts-irritable\">irritable</a></td><td>http://mtnlotus.com/fhir/ppc/CodeSystem/ppc-bothersome-health-concern-concepts</td><td>Feeling irritable</td></tr><tr><td style=\"white-space:nowrap\"><a name=\"x-http://mtnlotus.com/fhir/ppc/CodeSystem/ppc-bothersome-health-concern-concepts-adverse-effects\"> </a>\u00a0\u00a0<a href=\"CodeSystem-ppc-bothersome-health-concern-concepts.html#ppc-bothersome-health-concern-concepts-adverse-effects\">adverse-effects</a></td><td>http://mtnlotus.com/fhir/ppc/CodeSystem/ppc-bothersome-health-concern-concepts</td><td>Feeling adverse effects from treatment(s)</td></tr><tr><td style=\"white-space:nowrap\"><a name=\"x-http://mtnlotus.com/fhir/ppc/CodeSystem/ppc-bothersome-health-concern-concepts-dizzy\"> </a>\u00a0\u00a0<a href=\"CodeSystem-ppc-bothersome-health-concern-concepts.html#ppc-bothersome-health-concern-concepts-dizzy\">dizzy</a></td><td>http://mtnlotus.com/fhir/ppc/CodeSystem/ppc-bothersome-health-concern-concepts</td><td>Feeling dizzy</td></tr><tr><td style=\"white-space:nowrap\"><a name=\"x-http://mtnlotus.com/fhir/ppc/CodeSystem/ppc-bothersome-health-concern-concepts-tired-lacking-energy\"> </a>\u00a0\u00a0<a href=\"CodeSystem-ppc-bothersome-health-concern-concepts.html#ppc-bothersome-health-concern-concepts-tired-lacking-energy\">tired-lacking-energy</a></td><td>http://mtnlotus.com/fhir/ppc/CodeSystem/ppc-bothersome-health-concern-concepts</td><td>Feeling tired/lacking energy</td></tr><tr><td style=\"white-space:nowrap\"><a name=\"x-http://mtnlotus.com/fhir/ppc/CodeSystem/ppc-bothersome-health-concern-concepts-touble-sleeping\"> </a>\u00a0\u00a0<a href=\"CodeSystem-ppc-bothersome-health-concern-concepts.html#ppc-bothersome-health-concern-concepts-touble-sleeping\">touble-sleeping</a></td><td>http://mtnlotus.com/fhir/ppc/CodeSystem/ppc-bothersome-health-concern-concepts</td><td>Having trouble sleeping</td></tr><tr><td style=\"white-space:nowrap\"><a name=\"x-http://mtnlotus.com/fhir/ppc/CodeSystem/ppc-bothersome-health-concern-concepts-poor-eyesight\"> </a>\u00a0\u00a0<a href=\"CodeSystem-ppc-bothersome-health-concern-concepts.html#ppc-bothersome-health-concern-concepts-poor-eyesight\">poor-eyesight</a></td><td>http://mtnlotus.com/fhir/ppc/CodeSystem/ppc-bothersome-health-concern-concepts</td><td>Having poor eyesight</td></tr><tr><td style=\"white-space:nowrap\"><a name=\"x-http://mtnlotus.com/fhir/ppc/CodeSystem/ppc-bothersome-health-concern-concepts-poor-hearing\"> </a>\u00a0\u00a0<a href=\"CodeSystem-ppc-bothersome-health-concern-concepts.html#ppc-bothersome-health-concern-concepts-poor-hearing\">poor-hearing</a></td><td>http://mtnlotus.com/fhir/ppc/CodeSystem/ppc-bothersome-health-concern-concepts</td><td>Having poor hearing</td></tr><tr><td style=\"white-space:nowrap\"><a name=\"x-http://mtnlotus.com/fhir/ppc/CodeSystem/ppc-bothersome-health-concern-concepts-leg-swelling\"> </a>\u00a0\u00a0<a href=\"CodeSystem-ppc-bothersome-health-concern-concepts.html#ppc-bothersome-health-concern-concepts-leg-swelling\">leg-swelling</a></td><td>http://mtnlotus.com/fhir/ppc/CodeSystem/ppc-bothersome-health-concern-concepts</td><td>Having leg swelling</td></tr><tr><td style=\"white-space:nowrap\"><a name=\"x-http://mtnlotus.com/fhir/ppc/CodeSystem/ppc-bothersome-health-concern-concepts-trouble-breathing\"> </a>\u00a0\u00a0<a href=\"CodeSystem-ppc-bothersome-health-concern-concepts.html#ppc-bothersome-health-concern-concepts-trouble-breathing\">trouble-breathing</a></td><td>http://mtnlotus.com/fhir/ppc/CodeSystem/ppc-bothersome-health-concern-concepts</td><td>Having trouble breathing (short of breath)</td></tr><tr><td style=\"white-space:nowrap\"><a name=\"x-http://mtnlotus.com/fhir/ppc/CodeSystem/ppc-bothersome-health-concern-concepts-healthcare-tasks-take-too-much-time\"> </a>\u00a0\u00a0<a href=\"CodeSystem-ppc-bothersome-health-concern-concepts.html#ppc-bothersome-health-concern-concepts-healthcare-tasks-take-too-much-time\">healthcare-tasks-take-too-much-time</a></td><td>http://mtnlotus.com/fhir/ppc/CodeSystem/ppc-bothersome-health-concern-concepts</td><td>Having health care tasks take too much time</td></tr><tr><td style=\"white-space:nowrap\"><a name=\"x-http://mtnlotus.com/fhir/ppc/CodeSystem/ppc-bothersome-health-concern-concepts-urinary-incontinence\"> </a>\u00a0\u00a0<a href=\"CodeSystem-ppc-bothersome-health-concern-concepts.html#ppc-bothersome-health-concern-concepts-urinary-incontinence\">urinary-incontinence</a></td><td>http://mtnlotus.com/fhir/ppc/CodeSystem/ppc-bothersome-health-concern-concepts</td><td>Having urinary incontinence</td></tr><tr><td style=\"white-space:nowrap\"><a name=\"x-http://mtnlotus.com/fhir/ppc/CodeSystem/ppc-bothersome-health-concern-concepts-bathroom-often\"> </a>\u00a0\u00a0<a href=\"CodeSystem-ppc-bothersome-health-concern-concepts.html#ppc-bothersome-health-concern-concepts-bathroom-often\">bathroom-often</a></td><td>http://mtnlotus.com/fhir/ppc/CodeSystem/ppc-bothersome-health-concern-concepts</td><td>Having to go to the bathroom often</td></tr><tr><td style=\"white-space:nowrap\"><a name=\"x-http://mtnlotus.com/fhir/ppc/CodeSystem/ppc-bothersome-health-concern-concepts-diarrhea\"> </a>\u00a0\u00a0<a href=\"CodeSystem-ppc-bothersome-health-concern-concepts.html#ppc-bothersome-health-concern-concepts-diarrhea\">diarrhea</a></td><td>http://mtnlotus.com/fhir/ppc/CodeSystem/ppc-bothersome-health-concern-concepts</td><td>Having diarrhea</td></tr><tr><td style=\"white-space:nowrap\"><a name=\"x-http://mtnlotus.com/fhir/ppc/CodeSystem/ppc-bothersome-health-concern-concepts-constipation\"> </a>\u00a0\u00a0<a href=\"CodeSystem-ppc-bothersome-health-concern-concepts.html#ppc-bothersome-health-concern-concepts-constipation\">constipation</a></td><td>http://mtnlotus.com/fhir/ppc/CodeSystem/ppc-bothersome-health-concern-concepts</td><td>Having constipation</td></tr><tr><td style=\"white-space:nowrap\"><a name=\"x-http://mtnlotus.com/fhir/ppc/CodeSystem/ppc-bothersome-health-concern-concepts-upset-stomach-nausea\"> </a>\u00a0\u00a0<a href=\"CodeSystem-ppc-bothersome-health-concern-concepts.html#ppc-bothersome-health-concern-concepts-upset-stomach-nausea\">upset-stomach-nausea</a></td><td>http://mtnlotus.com/fhir/ppc/CodeSystem/ppc-bothersome-health-concern-concepts</td><td>Having upset stomach, nausea</td></tr><tr><td style=\"white-space:nowrap\"><a name=\"x-http://mtnlotus.com/fhir/ppc/CodeSystem/ppc-bothersome-health-concern-concepts-memory-problems\"> </a>\u00a0\u00a0<a href=\"CodeSystem-ppc-bothersome-health-concern-concepts.html#ppc-bothersome-health-concern-concepts-memory-problems\">memory-problems</a></td><td>http://mtnlotus.com/fhir/ppc/CodeSystem/ppc-bothersome-health-concern-concepts</td><td>Having confusing or memory problems</td></tr><tr><td style=\"white-space:nowrap\"><a name=\"x-http://mtnlotus.com/fhir/ppc/CodeSystem/ppc-bothersome-health-concern-concepts-problem-list-item\"> </a>\u00a0\u00a0<a href=\"CodeSystem-ppc-bothersome-health-concern-concepts.html#ppc-bothersome-health-concern-concepts-problem-list-item\">problem-list-item</a></td><td>http://mtnlotus.com/fhir/ppc/CodeSystem/ppc-bothersome-health-concern-concepts</td><td>Problem List Item</td></tr></table></div>"
      },
      "url" : "http://mtnlotus.com/fhir/ppc/ValueSet/ppc-bothersome-health-concerns-vs",
      "version" : "0.1.0",
      "name" : "PPCBothersomeHealthConcerns",
      "title" : "Bothersome Health Concerns",
      "status" : "draft",
      "experimental" : false,
      "date" : "2025-01-10T00:10:52+00:00",
      "jurisdiction" : [{
        "coding" : [{
          "system" : "urn:iso:std:iso:3166",
          "code" : "US"
        }]
      }],
      "expansion" : {
        "identifier" : "urn:uuid:9121b6f9-8c2d-468b-8593-60007e2cf8b7",
        "timestamp" : "2025-01-10T00:11:47+00:00",
        "total" : 23,
        "offset" : 0,
        "parameter" : [{
          "name" : "count",
          "valueInteger" : 1000
        },
        {
          "name" : "offset",
          "valueInteger" : 0
        },
        {
          "name" : "excludeNested",
          "valueBoolean" : false
        },
        {
          "name" : "used-codesystem",
          "valueUri" : "http://mtnlotus.com/fhir/ppc/CodeSystem/ppc-bothersome-health-concern-concepts|0.1.0"
        }],
        "contains" : [{
          "system" : "http://mtnlotus.com/fhir/ppc/CodeSystem/ppc-bothersome-health-concern-concepts",
          "code" : "other",
          "display" : "Other"
        },
        {
          "system" : "http://mtnlotus.com/fhir/ppc/CodeSystem/ppc-bothersome-health-concern-concepts",
          "code" : "muscle-weakness",
          "display" : "Feeling muscle weakness"
        },
        {
          "system" : "http://mtnlotus.com/fhir/ppc/CodeSystem/ppc-bothersome-health-concern-concepts",
          "code" : "pain",
          "display" : "Feeling pain"
        },
        {
          "system" : "http://mtnlotus.com/fhir/ppc/CodeSystem/ppc-bothersome-health-concern-concepts",
          "code" : "unsteady",
          "display" : "Feeling unsteady; trouble balancing/walking"
        },
        {
          "system" : "http://mtnlotus.com/fhir/ppc/CodeSystem/ppc-bothersome-health-concern-concepts",
          "code" : "worried-nervous-anxious",
          "display" : "Feeling worried, nervous, anxious"
        },
        {
          "system" : "http://mtnlotus.com/fhir/ppc/CodeSystem/ppc-bothersome-health-concern-concepts",
          "code" : "sad",
          "display" : "Feeling sad"
        },
        {
          "system" : "http://mtnlotus.com/fhir/ppc/CodeSystem/ppc-bothersome-health-concern-concepts",
          "code" : "irritable",
          "display" : "Feeling irritable"
        },
        {
          "system" : "http://mtnlotus.com/fhir/ppc/CodeSystem/ppc-bothersome-health-concern-concepts",
          "code" : "adverse-effects",
          "display" : "Feeling adverse effects from treatment(s)"
        },
        {
          "system" : "http://mtnlotus.com/fhir/ppc/CodeSystem/ppc-bothersome-health-concern-concepts",
          "code" : "dizzy",
          "display" : "Feeling dizzy"
        },
        {
          "system" : "http://mtnlotus.com/fhir/ppc/CodeSystem/ppc-bothersome-health-concern-concepts",
          "code" : "tired-lacking-energy",
          "display" : "Feeling tired/lacking energy"
        },
        {
          "system" : "http://mtnlotus.com/fhir/ppc/CodeSystem/ppc-bothersome-health-concern-concepts",
          "code" : "touble-sleeping",
          "display" : "Having trouble sleeping"
        },
        {
          "system" : "http://mtnlotus.com/fhir/ppc/CodeSystem/ppc-bothersome-health-concern-concepts",
          "code" : "poor-eyesight",
          "display" : "Having poor eyesight"
        },
        {
          "system" : "http://mtnlotus.com/fhir/ppc/CodeSystem/ppc-bothersome-health-concern-concepts",
          "code" : "poor-hearing",
          "display" : "Having poor hearing"
        },
        {
          "system" : "http://mtnlotus.com/fhir/ppc/CodeSystem/ppc-bothersome-health-concern-concepts",
          "code" : "leg-swelling",
          "display" : "Having leg swelling"
        },
        {
          "system" : "http://mtnlotus.com/fhir/ppc/CodeSystem/ppc-bothersome-health-concern-concepts",
          "code" : "trouble-breathing",
          "display" : "Having trouble breathing (short of breath)"
        },
        {
          "system" : "http://mtnlotus.com/fhir/ppc/CodeSystem/ppc-bothersome-health-concern-concepts",
          "code" : "healthcare-tasks-take-too-much-time",
          "display" : "Having health care tasks take too much time"
        },
        {
          "system" : "http://mtnlotus.com/fhir/ppc/CodeSystem/ppc-bothersome-health-concern-concepts",
          "code" : "urinary-incontinence",
          "display" : "Having urinary incontinence"
        },
        {
          "system" : "http://mtnlotus.com/fhir/ppc/CodeSystem/ppc-bothersome-health-concern-concepts",
          "code" : "bathroom-often",
          "display" : "Having to go to the bathroom often"
        },
        {
          "system" : "http://mtnlotus.com/fhir/ppc/CodeSystem/ppc-bothersome-health-concern-concepts",
          "code" : "diarrhea",
          "display" : "Having diarrhea"
        },
        {
          "system" : "http://mtnlotus.com/fhir/ppc/CodeSystem/ppc-bothersome-health-concern-concepts",
          "code" : "constipation",
          "display" : "Having constipation"
        },
        {
          "system" : "http://mtnlotus.com/fhir/ppc/CodeSystem/ppc-bothersome-health-concern-concepts",
          "code" : "upset-stomach-nausea",
          "display" : "Having upset stomach, nausea"
        },
        {
          "system" : "http://mtnlotus.com/fhir/ppc/CodeSystem/ppc-bothersome-health-concern-concepts",
          "code" : "memory-problems",
          "display" : "Having confusing or memory problems"
        },
        {
          "system" : "http://mtnlotus.com/fhir/ppc/CodeSystem/ppc-bothersome-health-concern-concepts",
          "code" : "problem-list-item",
          "display" : "Problem List Item"
        }]
      }
    }
  },
  {
    "fullUrl" : "http://mtnlotus.com/fhir/ppc/ValueSet/ppc-care-tradeoff-vs",
    "resource" : {
      "resourceType" : "ValueSet",
      "text" : {
        "status" : "generated",
        "div" : "<div xmlns=\"http://www.w3.org/1999/xhtml\"><p class=\"res-header-id\"><b>Generated Narrative: ValueSet </b></p><p style=\"border: black 1px dotted; background-color: #EEEEEE; padding: 8px; margin-bottom: 8px\">Expansion based on <a href=\"CodeSystem-ppc-care-tradeoff-concepts.html\">codesystem Care Trade-off Concepts v0.1.0 (CodeSystem)</a></p><p>This value set contains 29 concepts</p><table class=\"codes\"><tr><td><b>Level</b></td><td style=\"white-space:nowrap\"><b>Code</b></td><td><b>System</b></td><td><b>Display</b></td></tr><tr><td><a name=\"x-http://mtnlotus.com/fhir/ppc/CodeSystem/ppc-care-tradeoff-concepts-medications\"> </a>1</td><td style=\"white-space:nowrap\">\u00a0\u00a0<a href=\"CodeSystem-ppc-care-tradeoff-concepts.html#ppc-care-tradeoff-concepts-medications\">medications</a></td><td>http://mtnlotus.com/fhir/ppc/CodeSystem/ppc-care-tradeoff-concepts</td><td>Medications</td></tr><tr><td><a name=\"x-http://mtnlotus.com/fhir/ppc/CodeSystem/ppc-care-tradeoff-concepts-self-care-tasks\"> </a>1</td><td style=\"white-space:nowrap\">\u00a0\u00a0<a href=\"CodeSystem-ppc-care-tradeoff-concepts.html#ppc-care-tradeoff-concepts-self-care-tasks\">self-care-tasks</a></td><td>http://mtnlotus.com/fhir/ppc/CodeSystem/ppc-care-tradeoff-concepts</td><td>Self-care tasks</td></tr><tr><td><a name=\"x-http://mtnlotus.com/fhir/ppc/CodeSystem/ppc-care-tradeoff-concepts-diet\"> </a>2</td><td style=\"white-space:nowrap\">\u00a0\u00a0\u00a0\u00a0<a href=\"CodeSystem-ppc-care-tradeoff-concepts.html#ppc-care-tradeoff-concepts-diet\">diet</a></td><td>http://mtnlotus.com/fhir/ppc/CodeSystem/ppc-care-tradeoff-concepts</td><td>Following a special diet</td></tr><tr><td><a name=\"x-http://mtnlotus.com/fhir/ppc/CodeSystem/ppc-care-tradeoff-concepts-exercise\"> </a>2</td><td style=\"white-space:nowrap\">\u00a0\u00a0\u00a0\u00a0<a href=\"CodeSystem-ppc-care-tradeoff-concepts.html#ppc-care-tradeoff-concepts-exercise\">exercise</a></td><td>http://mtnlotus.com/fhir/ppc/CodeSystem/ppc-care-tradeoff-concepts</td><td>Exercising</td></tr><tr><td><a name=\"x-http://mtnlotus.com/fhir/ppc/CodeSystem/ppc-care-tradeoff-concepts-checking-vitals\"> </a>2</td><td style=\"white-space:nowrap\">\u00a0\u00a0\u00a0\u00a0<a href=\"CodeSystem-ppc-care-tradeoff-concepts.html#ppc-care-tradeoff-concepts-checking-vitals\">checking-vitals</a></td><td>http://mtnlotus.com/fhir/ppc/CodeSystem/ppc-care-tradeoff-concepts</td><td>Checking health signs (e.g., weight, blood pressure)</td></tr><tr><td><a name=\"x-http://mtnlotus.com/fhir/ppc/CodeSystem/ppc-care-tradeoff-concepts-checking-blood-sugar\"> </a>2</td><td style=\"white-space:nowrap\">\u00a0\u00a0\u00a0\u00a0<a href=\"CodeSystem-ppc-care-tradeoff-concepts.html#ppc-care-tradeoff-concepts-checking-blood-sugar\">checking-blood-sugar</a></td><td>http://mtnlotus.com/fhir/ppc/CodeSystem/ppc-care-tradeoff-concepts</td><td>Checking blood sugar</td></tr><tr><td><a name=\"x-http://mtnlotus.com/fhir/ppc/CodeSystem/ppc-care-tradeoff-concepts-wearing-cpap-mask\"> </a>2</td><td style=\"white-space:nowrap\">\u00a0\u00a0\u00a0\u00a0<a href=\"CodeSystem-ppc-care-tradeoff-concepts.html#ppc-care-tradeoff-concepts-wearing-cpap-mask\">wearing-cpap-mask</a></td><td>http://mtnlotus.com/fhir/ppc/CodeSystem/ppc-care-tradeoff-concepts</td><td>Wearing CPAP mask</td></tr><tr><td><a name=\"x-http://mtnlotus.com/fhir/ppc/CodeSystem/ppc-care-tradeoff-concepts-wearing-oxygen\"> </a>2</td><td style=\"white-space:nowrap\">\u00a0\u00a0\u00a0\u00a0<a href=\"CodeSystem-ppc-care-tradeoff-concepts.html#ppc-care-tradeoff-concepts-wearing-oxygen\">wearing-oxygen</a></td><td>http://mtnlotus.com/fhir/ppc/CodeSystem/ppc-care-tradeoff-concepts</td><td>Wearing oxygen</td></tr><tr><td><a name=\"x-http://mtnlotus.com/fhir/ppc/CodeSystem/ppc-care-tradeoff-concepts-using-cane-or-walker\"> </a>2</td><td style=\"white-space:nowrap\">\u00a0\u00a0\u00a0\u00a0<a href=\"CodeSystem-ppc-care-tradeoff-concepts.html#ppc-care-tradeoff-concepts-using-cane-or-walker\">using-cane-or-walker</a></td><td>http://mtnlotus.com/fhir/ppc/CodeSystem/ppc-care-tradeoff-concepts</td><td>Using a cane or walker</td></tr><tr><td><a name=\"x-http://mtnlotus.com/fhir/ppc/CodeSystem/ppc-care-tradeoff-concepts-treatments-procedures\"> </a>1</td><td style=\"white-space:nowrap\">\u00a0\u00a0<a href=\"CodeSystem-ppc-care-tradeoff-concepts.html#ppc-care-tradeoff-concepts-treatments-procedures\">treatments-procedures</a></td><td>http://mtnlotus.com/fhir/ppc/CodeSystem/ppc-care-tradeoff-concepts</td><td>Tests, treatments, and procedures</td></tr><tr><td><a name=\"x-http://mtnlotus.com/fhir/ppc/CodeSystem/ppc-care-tradeoff-concepts-dialysis\"> </a>2</td><td style=\"white-space:nowrap\">\u00a0\u00a0\u00a0\u00a0<a href=\"CodeSystem-ppc-care-tradeoff-concepts.html#ppc-care-tradeoff-concepts-dialysis\">dialysis</a></td><td>http://mtnlotus.com/fhir/ppc/CodeSystem/ppc-care-tradeoff-concepts</td><td>Doing Dialysis</td></tr><tr><td><a name=\"x-http://mtnlotus.com/fhir/ppc/CodeSystem/ppc-care-tradeoff-concepts-chemotherapy\"> </a>2</td><td style=\"white-space:nowrap\">\u00a0\u00a0\u00a0\u00a0<a href=\"CodeSystem-ppc-care-tradeoff-concepts.html#ppc-care-tradeoff-concepts-chemotherapy\">chemotherapy</a></td><td>http://mtnlotus.com/fhir/ppc/CodeSystem/ppc-care-tradeoff-concepts</td><td>Doing Chemotherapy</td></tr><tr><td><a name=\"x-http://mtnlotus.com/fhir/ppc/CodeSystem/ppc-care-tradeoff-concepts-radiation\"> </a>2</td><td style=\"white-space:nowrap\">\u00a0\u00a0\u00a0\u00a0<a href=\"CodeSystem-ppc-care-tradeoff-concepts.html#ppc-care-tradeoff-concepts-radiation\">radiation</a></td><td>http://mtnlotus.com/fhir/ppc/CodeSystem/ppc-care-tradeoff-concepts</td><td>Going through Radiation</td></tr><tr><td><a name=\"x-http://mtnlotus.com/fhir/ppc/CodeSystem/ppc-care-tradeoff-concepts-blood-tests\"> </a>2</td><td style=\"white-space:nowrap\">\u00a0\u00a0\u00a0\u00a0<a href=\"CodeSystem-ppc-care-tradeoff-concepts.html#ppc-care-tradeoff-concepts-blood-tests\">blood-tests</a></td><td>http://mtnlotus.com/fhir/ppc/CodeSystem/ppc-care-tradeoff-concepts</td><td>Having Blood Tests done</td></tr><tr><td><a name=\"x-http://mtnlotus.com/fhir/ppc/CodeSystem/ppc-care-tradeoff-concepts-x-rays\"> </a>2</td><td style=\"white-space:nowrap\">\u00a0\u00a0\u00a0\u00a0<a href=\"CodeSystem-ppc-care-tradeoff-concepts.html#ppc-care-tradeoff-concepts-x-rays\">x-rays</a></td><td>http://mtnlotus.com/fhir/ppc/CodeSystem/ppc-care-tradeoff-concepts</td><td>Having X-Rays done</td></tr><tr><td><a name=\"x-http://mtnlotus.com/fhir/ppc/CodeSystem/ppc-care-tradeoff-concepts-other-diagnostic-tests\"> </a>2</td><td style=\"white-space:nowrap\">\u00a0\u00a0\u00a0\u00a0<a href=\"CodeSystem-ppc-care-tradeoff-concepts.html#ppc-care-tradeoff-concepts-other-diagnostic-tests\">other-diagnostic-tests</a></td><td>http://mtnlotus.com/fhir/ppc/CodeSystem/ppc-care-tradeoff-concepts</td><td>Going through other Diagnostic Tests (e.g. mammography)</td></tr><tr><td><a name=\"x-http://mtnlotus.com/fhir/ppc/CodeSystem/ppc-care-tradeoff-concepts-surgeries\"> </a>2</td><td style=\"white-space:nowrap\">\u00a0\u00a0\u00a0\u00a0<a href=\"CodeSystem-ppc-care-tradeoff-concepts.html#ppc-care-tradeoff-concepts-surgeries\">surgeries</a></td><td>http://mtnlotus.com/fhir/ppc/CodeSystem/ppc-care-tradeoff-concepts</td><td>Having Surgeries</td></tr><tr><td><a name=\"x-http://mtnlotus.com/fhir/ppc/CodeSystem/ppc-care-tradeoff-concepts-other-procedures\"> </a>2</td><td style=\"white-space:nowrap\">\u00a0\u00a0\u00a0\u00a0<a href=\"CodeSystem-ppc-care-tradeoff-concepts.html#ppc-care-tradeoff-concepts-other-procedures\">other-procedures</a></td><td>http://mtnlotus.com/fhir/ppc/CodeSystem/ppc-care-tradeoff-concepts</td><td>Having other procedures done (e.g. colonoscopy)</td></tr><tr><td><a name=\"x-http://mtnlotus.com/fhir/ppc/CodeSystem/ppc-care-tradeoff-concepts-health-care-visits\"> </a>1</td><td style=\"white-space:nowrap\">\u00a0\u00a0<a href=\"CodeSystem-ppc-care-tradeoff-concepts.html#ppc-care-tradeoff-concepts-health-care-visits\">health-care-visits</a></td><td>http://mtnlotus.com/fhir/ppc/CodeSystem/ppc-care-tradeoff-concepts</td><td>Health Care visits</td></tr><tr><td><a name=\"x-http://mtnlotus.com/fhir/ppc/CodeSystem/ppc-care-tradeoff-concepts-pcp\"> </a>2</td><td style=\"white-space:nowrap\">\u00a0\u00a0\u00a0\u00a0<a href=\"CodeSystem-ppc-care-tradeoff-concepts.html#ppc-care-tradeoff-concepts-pcp\">pcp</a></td><td>http://mtnlotus.com/fhir/ppc/CodeSystem/ppc-care-tradeoff-concepts</td><td>Visiting PCP primary clinician</td></tr><tr><td><a name=\"x-http://mtnlotus.com/fhir/ppc/CodeSystem/ppc-care-tradeoff-concepts-specialists\"> </a>2</td><td style=\"white-space:nowrap\">\u00a0\u00a0\u00a0\u00a0<a href=\"CodeSystem-ppc-care-tradeoff-concepts.html#ppc-care-tradeoff-concepts-specialists\">specialists</a></td><td>http://mtnlotus.com/fhir/ppc/CodeSystem/ppc-care-tradeoff-concepts</td><td>Visiting specialists (e.g., cardiologist, pulmonologist, urologist)</td></tr><tr><td><a name=\"x-http://mtnlotus.com/fhir/ppc/CodeSystem/ppc-care-tradeoff-concepts-counselor\"> </a>2</td><td style=\"white-space:nowrap\">\u00a0\u00a0\u00a0\u00a0<a href=\"CodeSystem-ppc-care-tradeoff-concepts.html#ppc-care-tradeoff-concepts-counselor\">counselor</a></td><td>http://mtnlotus.com/fhir/ppc/CodeSystem/ppc-care-tradeoff-concepts</td><td>Visiting counselor (e.g., psychologist, social worker, therapist)</td></tr><tr><td><a name=\"x-http://mtnlotus.com/fhir/ppc/CodeSystem/ppc-care-tradeoff-concepts-rehabilitation\"> </a>2</td><td style=\"white-space:nowrap\">\u00a0\u00a0\u00a0\u00a0<a href=\"CodeSystem-ppc-care-tradeoff-concepts.html#ppc-care-tradeoff-concepts-rehabilitation\">rehabilitation</a></td><td>http://mtnlotus.com/fhir/ppc/CodeSystem/ppc-care-tradeoff-concepts</td><td>Doing rehabilitation (e.g., physical therapy, cardio rehabilitation)</td></tr><tr><td><a name=\"x-http://mtnlotus.com/fhir/ppc/CodeSystem/ppc-care-tradeoff-concepts-community-services\"> </a>1</td><td style=\"white-space:nowrap\">\u00a0\u00a0<a href=\"CodeSystem-ppc-care-tradeoff-concepts.html#ppc-care-tradeoff-concepts-community-services\">community-services</a></td><td>http://mtnlotus.com/fhir/ppc/CodeSystem/ppc-care-tradeoff-concepts</td><td>Community programs, services and supports</td></tr><tr><td><a name=\"x-http://mtnlotus.com/fhir/ppc/CodeSystem/ppc-care-tradeoff-concepts-in-home-help\"> </a>2</td><td style=\"white-space:nowrap\">\u00a0\u00a0\u00a0\u00a0<a href=\"CodeSystem-ppc-care-tradeoff-concepts.html#ppc-care-tradeoff-concepts-in-home-help\">in-home-help</a></td><td>http://mtnlotus.com/fhir/ppc/CodeSystem/ppc-care-tradeoff-concepts</td><td>In-home help</td></tr><tr><td><a name=\"x-http://mtnlotus.com/fhir/ppc/CodeSystem/ppc-care-tradeoff-concepts-transportation\"> </a>2</td><td style=\"white-space:nowrap\">\u00a0\u00a0\u00a0\u00a0<a href=\"CodeSystem-ppc-care-tradeoff-concepts.html#ppc-care-tradeoff-concepts-transportation\">transportation</a></td><td>http://mtnlotus.com/fhir/ppc/CodeSystem/ppc-care-tradeoff-concepts</td><td>Transportation</td></tr><tr><td><a name=\"x-http://mtnlotus.com/fhir/ppc/CodeSystem/ppc-care-tradeoff-concepts-meal-delivery\"> </a>2</td><td style=\"white-space:nowrap\">\u00a0\u00a0\u00a0\u00a0<a href=\"CodeSystem-ppc-care-tradeoff-concepts.html#ppc-care-tradeoff-concepts-meal-delivery\">meal-delivery</a></td><td>http://mtnlotus.com/fhir/ppc/CodeSystem/ppc-care-tradeoff-concepts</td><td>Meal delivery</td></tr><tr><td><a name=\"x-http://mtnlotus.com/fhir/ppc/CodeSystem/ppc-care-tradeoff-concepts-community-based-program\"> </a>2</td><td style=\"white-space:nowrap\">\u00a0\u00a0\u00a0\u00a0<a href=\"CodeSystem-ppc-care-tradeoff-concepts.html#ppc-care-tradeoff-concepts-community-based-program\">community-based-program</a></td><td>http://mtnlotus.com/fhir/ppc/CodeSystem/ppc-care-tradeoff-concepts</td><td>Community-based program</td></tr><tr><td><a name=\"x-http://mtnlotus.com/fhir/ppc/CodeSystem/ppc-care-tradeoff-concepts-other\"> </a>1</td><td style=\"white-space:nowrap\">\u00a0\u00a0<a href=\"CodeSystem-ppc-care-tradeoff-concepts.html#ppc-care-tradeoff-concepts-other\">other</a></td><td>http://mtnlotus.com/fhir/ppc/CodeSystem/ppc-care-tradeoff-concepts</td><td>Other</td></tr></table></div>"
      },
      "url" : "http://mtnlotus.com/fhir/ppc/ValueSet/ppc-care-tradeoff-vs",
      "version" : "0.1.0",
      "name" : "PPCCareTradeOff",
      "title" : "Care Trade-off",
      "status" : "draft",
      "experimental" : false,
      "date" : "2025-01-10T00:10:52+00:00",
      "jurisdiction" : [{
        "coding" : [{
          "system" : "urn:iso:std:iso:3166",
          "code" : "US"
        }]
      }],
      "expansion" : {
        "identifier" : "urn:uuid:dd63ab38-4931-47b4-815a-776ecf448f38",
        "timestamp" : "2025-01-10T00:11:47+00:00",
        "total" : 29,
        "offset" : 0,
        "parameter" : [{
          "name" : "count",
          "valueInteger" : 1000
        },
        {
          "name" : "offset",
          "valueInteger" : 0
        },
        {
          "name" : "excludeNested",
          "valueBoolean" : false
        },
        {
          "name" : "used-codesystem",
          "valueUri" : "http://mtnlotus.com/fhir/ppc/CodeSystem/ppc-care-tradeoff-concepts|0.1.0"
        }],
        "contains" : [{
          "system" : "http://mtnlotus.com/fhir/ppc/CodeSystem/ppc-care-tradeoff-concepts",
          "code" : "medications",
          "display" : "Medications"
        },
        {
          "system" : "http://mtnlotus.com/fhir/ppc/CodeSystem/ppc-care-tradeoff-concepts",
          "code" : "self-care-tasks",
          "display" : "Self-care tasks",
          "contains" : [{
            "system" : "http://mtnlotus.com/fhir/ppc/CodeSystem/ppc-care-tradeoff-concepts",
            "code" : "diet",
            "display" : "Following a special diet"
          },
          {
            "system" : "http://mtnlotus.com/fhir/ppc/CodeSystem/ppc-care-tradeoff-concepts",
            "code" : "exercise",
            "display" : "Exercising"
          },
          {
            "system" : "http://mtnlotus.com/fhir/ppc/CodeSystem/ppc-care-tradeoff-concepts",
            "code" : "checking-vitals",
            "display" : "Checking health signs (e.g., weight, blood pressure)"
          },
          {
            "system" : "http://mtnlotus.com/fhir/ppc/CodeSystem/ppc-care-tradeoff-concepts",
            "code" : "checking-blood-sugar",
            "display" : "Checking blood sugar"
          },
          {
            "system" : "http://mtnlotus.com/fhir/ppc/CodeSystem/ppc-care-tradeoff-concepts",
            "code" : "wearing-cpap-mask",
            "display" : "Wearing CPAP mask"
          },
          {
            "system" : "http://mtnlotus.com/fhir/ppc/CodeSystem/ppc-care-tradeoff-concepts",
            "code" : "wearing-oxygen",
            "display" : "Wearing oxygen"
          },
          {
            "system" : "http://mtnlotus.com/fhir/ppc/CodeSystem/ppc-care-tradeoff-concepts",
            "code" : "using-cane-or-walker",
            "display" : "Using a cane or walker"
          }]
        },
        {
          "system" : "http://mtnlotus.com/fhir/ppc/CodeSystem/ppc-care-tradeoff-concepts",
          "code" : "treatments-procedures",
          "display" : "Tests, treatments, and procedures",
          "contains" : [{
            "system" : "http://mtnlotus.com/fhir/ppc/CodeSystem/ppc-care-tradeoff-concepts",
            "code" : "dialysis",
            "display" : "Doing Dialysis"
          },
          {
            "system" : "http://mtnlotus.com/fhir/ppc/CodeSystem/ppc-care-tradeoff-concepts",
            "code" : "chemotherapy",
            "display" : "Doing Chemotherapy"
          },
          {
            "system" : "http://mtnlotus.com/fhir/ppc/CodeSystem/ppc-care-tradeoff-concepts",
            "code" : "radiation",
            "display" : "Going through Radiation"
          },
          {
            "system" : "http://mtnlotus.com/fhir/ppc/CodeSystem/ppc-care-tradeoff-concepts",
            "code" : "blood-tests",
            "display" : "Having Blood Tests done"
          },
          {
            "system" : "http://mtnlotus.com/fhir/ppc/CodeSystem/ppc-care-tradeoff-concepts",
            "code" : "x-rays",
            "display" : "Having X-Rays done"
          },
          {
            "system" : "http://mtnlotus.com/fhir/ppc/CodeSystem/ppc-care-tradeoff-concepts",
            "code" : "other-diagnostic-tests",
            "display" : "Going through other Diagnostic Tests (e.g. mammography)"
          },
          {
            "system" : "http://mtnlotus.com/fhir/ppc/CodeSystem/ppc-care-tradeoff-concepts",
            "code" : "surgeries",
            "display" : "Having Surgeries"
          },
          {
            "system" : "http://mtnlotus.com/fhir/ppc/CodeSystem/ppc-care-tradeoff-concepts",
            "code" : "other-procedures",
            "display" : "Having other procedures done (e.g. colonoscopy)"
          }]
        },
        {
          "system" : "http://mtnlotus.com/fhir/ppc/CodeSystem/ppc-care-tradeoff-concepts",
          "code" : "health-care-visits",
          "display" : "Health Care visits",
          "contains" : [{
            "system" : "http://mtnlotus.com/fhir/ppc/CodeSystem/ppc-care-tradeoff-concepts",
            "code" : "pcp",
            "display" : "Visiting PCP primary clinician"
          },
          {
            "system" : "http://mtnlotus.com/fhir/ppc/CodeSystem/ppc-care-tradeoff-concepts",
            "code" : "specialists",
            "display" : "Visiting specialists (e.g., cardiologist, pulmonologist, urologist)"
          },
          {
            "system" : "http://mtnlotus.com/fhir/ppc/CodeSystem/ppc-care-tradeoff-concepts",
            "code" : "counselor",
            "display" : "Visiting counselor (e.g., psychologist, social worker, therapist)"
          },
          {
            "system" : "http://mtnlotus.com/fhir/ppc/CodeSystem/ppc-care-tradeoff-concepts",
            "code" : "rehabilitation",
            "display" : "Doing rehabilitation (e.g., physical therapy, cardio rehabilitation)"
          }]
        },
        {
          "system" : "http://mtnlotus.com/fhir/ppc/CodeSystem/ppc-care-tradeoff-concepts",
          "code" : "community-services",
          "display" : "Community programs, services and supports",
          "contains" : [{
            "system" : "http://mtnlotus.com/fhir/ppc/CodeSystem/ppc-care-tradeoff-concepts",
            "code" : "in-home-help",
            "display" : "In-home help"
          },
          {
            "system" : "http://mtnlotus.com/fhir/ppc/CodeSystem/ppc-care-tradeoff-concepts",
            "code" : "transportation",
            "display" : "Transportation"
          },
          {
            "system" : "http://mtnlotus.com/fhir/ppc/CodeSystem/ppc-care-tradeoff-concepts",
            "code" : "meal-delivery",
            "display" : "Meal delivery"
          },
          {
            "system" : "http://mtnlotus.com/fhir/ppc/CodeSystem/ppc-care-tradeoff-concepts",
            "code" : "community-based-program",
            "display" : "Community-based program"
          }]
        },
        {
          "system" : "http://mtnlotus.com/fhir/ppc/CodeSystem/ppc-care-tradeoff-concepts",
          "code" : "other",
          "display" : "Other"
        }]
      }
    }
  },
  {
    "fullUrl" : "http://mtnlotus.com/fhir/ppc/ValueSet/ppc-what-matters-vs",
    "resource" : {
      "resourceType" : "ValueSet",
      "text" : {
        "status" : "generated",
        "div" : "<div xmlns=\"http://www.w3.org/1999/xhtml\"><p class=\"res-header-id\"><b>Generated Narrative: ValueSet </b></p><p style=\"border: black 1px dotted; background-color: #EEEEEE; padding: 8px; margin-bottom: 8px\">Expansion based on <a href=\"CodeSystem-ppc-what-matters-concepts.html\">codesystem PPC What Matters Concepts v0.1.0 (CodeSystem)</a></p><p>This value set contains 15 concepts</p><table class=\"codes\"><tr><td style=\"white-space:nowrap\"><b>Code</b></td><td><b>System</b></td><td><b>Display</b></td></tr><tr><td style=\"white-space:nowrap\"><a name=\"x-http://mtnlotus.com/fhir/ppc/CodeSystem/ppc-what-matters-concepts-ppc-wm-1\"> </a>\u00a0\u00a0<a href=\"CodeSystem-ppc-what-matters-concepts.html#ppc-what-matters-concepts-ppc-wm-1\">ppc-wm-1</a></td><td>http://mtnlotus.com/fhir/ppc/CodeSystem/ppc-what-matters-concepts</td><td>Other</td></tr><tr><td style=\"white-space:nowrap\"><a name=\"x-http://mtnlotus.com/fhir/ppc/CodeSystem/ppc-what-matters-concepts-ppc-wm-2\"> </a>\u00a0\u00a0<a href=\"CodeSystem-ppc-what-matters-concepts.html#ppc-what-matters-concepts-ppc-wm-2\">ppc-wm-2</a></td><td>http://mtnlotus.com/fhir/ppc/CodeSystem/ppc-what-matters-concepts</td><td>Doing activities with family and friends</td></tr><tr><td style=\"white-space:nowrap\"><a name=\"x-http://mtnlotus.com/fhir/ppc/CodeSystem/ppc-what-matters-concepts-ppc-wm-3\"> </a>\u00a0\u00a0<a href=\"CodeSystem-ppc-what-matters-concepts.html#ppc-what-matters-concepts-ppc-wm-3\">ppc-wm-3</a></td><td>http://mtnlotus.com/fhir/ppc/CodeSystem/ppc-what-matters-concepts</td><td>Walking or moving inside and outside of my home</td></tr><tr><td style=\"white-space:nowrap\"><a name=\"x-http://mtnlotus.com/fhir/ppc/CodeSystem/ppc-what-matters-concepts-ppc-wm-4\"> </a>\u00a0\u00a0<a href=\"CodeSystem-ppc-what-matters-concepts.html#ppc-what-matters-concepts-ppc-wm-4\">ppc-wm-4</a></td><td>http://mtnlotus.com/fhir/ppc/CodeSystem/ppc-what-matters-concepts</td><td>Taking care of family and friends and/or pets in my life</td></tr><tr><td style=\"white-space:nowrap\"><a name=\"x-http://mtnlotus.com/fhir/ppc/CodeSystem/ppc-what-matters-concepts-ppc-wm-5\"> </a>\u00a0\u00a0<a href=\"CodeSystem-ppc-what-matters-concepts.html#ppc-what-matters-concepts-ppc-wm-5\">ppc-wm-5</a></td><td>http://mtnlotus.com/fhir/ppc/CodeSystem/ppc-what-matters-concepts</td><td>Comfort and function are more important than living longer</td></tr><tr><td style=\"white-space:nowrap\"><a name=\"x-http://mtnlotus.com/fhir/ppc/CodeSystem/ppc-what-matters-concepts-ppc-wm-6\"> </a>\u00a0\u00a0<a href=\"CodeSystem-ppc-what-matters-concepts.html#ppc-what-matters-concepts-ppc-wm-6\">ppc-wm-6</a></td><td>http://mtnlotus.com/fhir/ppc/CodeSystem/ppc-what-matters-concepts</td><td>Activities that support my religious or spiritual life</td></tr><tr><td style=\"white-space:nowrap\"><a name=\"x-http://mtnlotus.com/fhir/ppc/CodeSystem/ppc-what-matters-concepts-ppc-wm-7\"> </a>\u00a0\u00a0<a href=\"CodeSystem-ppc-what-matters-concepts.html#ppc-what-matters-concepts-ppc-wm-7\">ppc-wm-7</a></td><td>http://mtnlotus.com/fhir/ppc/CodeSystem/ppc-what-matters-concepts</td><td>Living as long as possible even if I am unable to do the things that are most important to me</td></tr><tr><td style=\"white-space:nowrap\"><a name=\"x-http://mtnlotus.com/fhir/ppc/CodeSystem/ppc-what-matters-concepts-ppc-wm-8\"> </a>\u00a0\u00a0<a href=\"CodeSystem-ppc-what-matters-concepts.html#ppc-what-matters-concepts-ppc-wm-8\">ppc-wm-8</a></td><td>http://mtnlotus.com/fhir/ppc/CodeSystem/ppc-what-matters-concepts</td><td>Doing productive work (e.g. a job or volunteering)</td></tr><tr><td style=\"white-space:nowrap\"><a name=\"x-http://mtnlotus.com/fhir/ppc/CodeSystem/ppc-what-matters-concepts-ppc-wm-9\"> </a>\u00a0\u00a0<a href=\"CodeSystem-ppc-what-matters-concepts.html#ppc-what-matters-concepts-ppc-wm-9\">ppc-wm-9</a></td><td>http://mtnlotus.com/fhir/ppc/CodeSystem/ppc-what-matters-concepts</td><td>Living as long as possible, even if that means more treatments, pain, or discomfort</td></tr><tr><td style=\"white-space:nowrap\"><a name=\"x-http://mtnlotus.com/fhir/ppc/CodeSystem/ppc-what-matters-concepts-ppc-wm-10\"> </a>\u00a0\u00a0<a href=\"CodeSystem-ppc-what-matters-concepts.html#ppc-what-matters-concepts-ppc-wm-10\">ppc-wm-10</a></td><td>http://mtnlotus.com/fhir/ppc/CodeSystem/ppc-what-matters-concepts</td><td>Eating food I enjoy</td></tr><tr><td style=\"white-space:nowrap\"><a name=\"x-http://mtnlotus.com/fhir/ppc/CodeSystem/ppc-what-matters-concepts-ppc-wm-11\"> </a>\u00a0\u00a0<a href=\"CodeSystem-ppc-what-matters-concepts.html#ppc-what-matters-concepts-ppc-wm-11\">ppc-wm-11</a></td><td>http://mtnlotus.com/fhir/ppc/CodeSystem/ppc-what-matters-concepts</td><td>Reducing the amount of time I devote to health care</td></tr><tr><td style=\"white-space:nowrap\"><a name=\"x-http://mtnlotus.com/fhir/ppc/CodeSystem/ppc-what-matters-concepts-ppc-wm-12\"> </a>\u00a0\u00a0<a href=\"CodeSystem-ppc-what-matters-concepts.html#ppc-what-matters-concepts-ppc-wm-12\">ppc-wm-12</a></td><td>http://mtnlotus.com/fhir/ppc/CodeSystem/ppc-what-matters-concepts</td><td>Taking care of myself</td></tr><tr><td style=\"white-space:nowrap\"><a name=\"x-http://mtnlotus.com/fhir/ppc/CodeSystem/ppc-what-matters-concepts-ppc-wm-13\"> </a>\u00a0\u00a0<a href=\"CodeSystem-ppc-what-matters-concepts.html#ppc-what-matters-concepts-ppc-wm-13\">ppc-wm-13</a></td><td>http://mtnlotus.com/fhir/ppc/CodeSystem/ppc-what-matters-concepts</td><td>Avoiding spending time in the hospital</td></tr><tr><td style=\"white-space:nowrap\"><a name=\"x-http://mtnlotus.com/fhir/ppc/CodeSystem/ppc-what-matters-concepts-ppc-wm-14\"> </a>\u00a0\u00a0<a href=\"CodeSystem-ppc-what-matters-concepts.html#ppc-what-matters-concepts-ppc-wm-14\">ppc-wm-14</a></td><td>http://mtnlotus.com/fhir/ppc/CodeSystem/ppc-what-matters-concepts</td><td>Living at home</td></tr><tr><td style=\"white-space:nowrap\"><a name=\"x-http://mtnlotus.com/fhir/ppc/CodeSystem/ppc-what-matters-concepts-ppc-wm-15\"> </a>\u00a0\u00a0<a href=\"CodeSystem-ppc-what-matters-concepts.html#ppc-what-matters-concepts-ppc-wm-15\">ppc-wm-15</a></td><td>http://mtnlotus.com/fhir/ppc/CodeSystem/ppc-what-matters-concepts</td><td>Taking care of my home</td></tr></table></div>"
      },
      "url" : "http://mtnlotus.com/fhir/ppc/ValueSet/ppc-what-matters-vs",
      "version" : "0.1.0",
      "name" : "PPCWhatMatters",
      "title" : "PPC What Matters ValueSet",
      "status" : "draft",
      "experimental" : false,
      "date" : "2025-01-10T00:10:52+00:00",
      "jurisdiction" : [{
        "coding" : [{
          "system" : "urn:iso:std:iso:3166",
          "code" : "US"
        }]
      }],
      "expansion" : {
        "identifier" : "urn:uuid:150eb931-44c3-4f01-bdf9-2448c1b5dad4",
        "timestamp" : "2025-01-10T00:11:48+00:00",
        "total" : 15,
        "offset" : 0,
        "parameter" : [{
          "name" : "count",
          "valueInteger" : 1000
        },
        {
          "name" : "offset",
          "valueInteger" : 0
        },
        {
          "name" : "excludeNested",
          "valueBoolean" : false
        },
        {
          "name" : "used-codesystem",
          "valueUri" : "http://mtnlotus.com/fhir/ppc/CodeSystem/ppc-what-matters-concepts|0.1.0"
        }],
        "contains" : [{
          "system" : "http://mtnlotus.com/fhir/ppc/CodeSystem/ppc-what-matters-concepts",
          "code" : "ppc-wm-1",
          "display" : "Other"
        },
        {
          "system" : "http://mtnlotus.com/fhir/ppc/CodeSystem/ppc-what-matters-concepts",
          "code" : "ppc-wm-2",
          "display" : "Doing activities with family and friends"
        },
        {
          "system" : "http://mtnlotus.com/fhir/ppc/CodeSystem/ppc-what-matters-concepts",
          "code" : "ppc-wm-3",
          "display" : "Walking or moving inside and outside of my home"
        },
        {
          "system" : "http://mtnlotus.com/fhir/ppc/CodeSystem/ppc-what-matters-concepts",
          "code" : "ppc-wm-4",
          "display" : "Taking care of family and friends and/or pets in my life"
        },
        {
          "system" : "http://mtnlotus.com/fhir/ppc/CodeSystem/ppc-what-matters-concepts",
          "code" : "ppc-wm-5",
          "display" : "Comfort and function are more important than living longer"
        },
        {
          "system" : "http://mtnlotus.com/fhir/ppc/CodeSystem/ppc-what-matters-concepts",
          "code" : "ppc-wm-6",
          "display" : "Activities that support my religious or spiritual life"
        },
        {
          "system" : "http://mtnlotus.com/fhir/ppc/CodeSystem/ppc-what-matters-concepts",
          "code" : "ppc-wm-7",
          "display" : "Living as long as possible even if I am unable to do the things that are most important to me"
        },
        {
          "system" : "http://mtnlotus.com/fhir/ppc/CodeSystem/ppc-what-matters-concepts",
          "code" : "ppc-wm-8",
          "display" : "Doing productive work (e.g. a job or volunteering)"
        },
        {
          "system" : "http://mtnlotus.com/fhir/ppc/CodeSystem/ppc-what-matters-concepts",
          "code" : "ppc-wm-9",
          "display" : "Living as long as possible, even if that means more treatments, pain, or discomfort"
        },
        {
          "system" : "http://mtnlotus.com/fhir/ppc/CodeSystem/ppc-what-matters-concepts",
          "code" : "ppc-wm-10",
          "display" : "Eating food I enjoy"
        },
        {
          "system" : "http://mtnlotus.com/fhir/ppc/CodeSystem/ppc-what-matters-concepts",
          "code" : "ppc-wm-11",
          "display" : "Reducing the amount of time I devote to health care"
        },
        {
          "system" : "http://mtnlotus.com/fhir/ppc/CodeSystem/ppc-what-matters-concepts",
          "code" : "ppc-wm-12",
          "display" : "Taking care of myself"
        },
        {
          "system" : "http://mtnlotus.com/fhir/ppc/CodeSystem/ppc-what-matters-concepts",
          "code" : "ppc-wm-13",
          "display" : "Avoiding spending time in the hospital"
        },
        {
          "system" : "http://mtnlotus.com/fhir/ppc/CodeSystem/ppc-what-matters-concepts",
          "code" : "ppc-wm-14",
          "display" : "Living at home"
        },
        {
          "system" : "http://mtnlotus.com/fhir/ppc/CodeSystem/ppc-what-matters-concepts",
          "code" : "ppc-wm-15",
          "display" : "Taking care of my home"
        }]
      }
    }
  }]
}