<?xml version="1.0" encoding="UTF-8"?>

<Observation xmlns="http://hl7.org/fhir">
  <id value="ppcBarrierUrinaryIncontinence"/>
  <meta>
    <profile value="http://hl7.org/fhir/us/pco/StructureDefinition/pco-goal-barrier"/>
  </meta>
  <text>
    <status value="generated"/><div xmlns="http://www.w3.org/1999/xhtml"><p class="res-header-id"><b>Generated Narrative: Observation ppcBarrierUrinaryIncontinence</b></p><a name="ppcBarrierUrinaryIncontinence"> </a><a name="hcppcBarrierUrinaryIncontinence"> </a><a name="ppcBarrierUrinaryIncontinence-en-US"> </a><p><b>status</b>: Final</p><p><b>category</b>: <span title="Codes:{http://terminology.hl7.org/CodeSystem/observation-category survey}">Survey</span></p><p><b>code</b>: <span title="Codes:{http://snomed.info/sct 452341000124107}">Assessment of barriers to meet care plan goals performed</span></p><p><b>subject</b>: <a href="Patient-ppcPatientMrK.html">Mr. K  Male, DoB: 1948-10-07 ( http://example.org#ee8d4ac0-545c-4501-8d7e-646bfbda1dz4 (use: official, ))</a></p><p><b>focus</b>: <a href="Goal-ppcGoalGrillForFamily.html">Goal: lifecycleStatus = active; achievementStatus = In Progress; category = What Matters,Social Functioning; description = ; start[x] = 2025-01-02</a></p><p><b>effective</b>: 2025-01-02 15:05:00+0000</p><p><b>performer</b>: <a href="Patient-ppcPatientMrK.html">Mr. K  Male, DoB: 1948-10-07 ( http://example.org#ee8d4ac0-545c-4501-8d7e-646bfbda1dz4 (use: official, ))</a></p><p><b>value</b>: <span title="Codes:{http://mtnlotus.com/fhir/ppc/CodeSystem/ppc-bothersome-health-concern-concepts urinary-incontinence}">Having urinary incontinence</span></p></div>
  </text>
  <status value="final"/>
  <category>
    <coding>
      <system value="http://terminology.hl7.org/CodeSystem/observation-category"/>
      <code value="survey"/>
    </coding>
  </category>
  <code>
    <coding>
      <system value="http://snomed.info/sct"/>
      <code value="452341000124107"/>
      <display value="Assessment of barriers to meet care plan goals performed"/>
    </coding>
  </code>
  <subject>
    <reference value="Patient/ppcPatientMrK"/>
  </subject>
  <focus>
    <reference value="Goal/ppcGoalGrillForFamily"/>
  </focus>
  <effectiveDateTime value="2025-01-02T15:05:00Z"/>
  <performer>
    <reference value="Patient/ppcPatientMrK"/>
  </performer>
  <valueCodeableConcept>
    <coding>
      <system value="http://mtnlotus.com/fhir/ppc/CodeSystem/ppc-bothersome-health-concern-concepts"/>
      <code value="urinary-incontinence"/>
      <display value="Having urinary incontinence"/>
    </coding>
  </valueCodeableConcept>
</Observation>