<?xml version="1.0" encoding="UTF-8"?>

<Patient xmlns="http://hl7.org/fhir">
  <id value="ppcPatientMrK"/>
  <meta>
    <profile value="http://hl7.org/fhir/us/core/StructureDefinition/us-core-patient"/>
  </meta>
  <text>
    <status value="generated"/><div xmlns="http://www.w3.org/1999/xhtml"><p class="res-header-id"><b>Generated Narrative: Patient ppcPatientMrK</b></p><a name="ppcPatientMrK"> </a><a name="hcppcPatientMrK"> </a><a name="ppcPatientMrK-en-US"> </a><p style="border: 1px #661aff solid; background-color: #e6e6ff; padding: 10px;">Mr. K  Male, DoB: 1948-10-07 ( http://example.org#ee8d4ac0-545c-4501-8d7e-646bfbda1dz4 (use: official, ))</p><hr/></div>
  </text>
  <identifier>
    <use value="official"/>
    <system value="http://example.org"/>
    <value value="ee8d4ac0-545c-4501-8d7e-646bfbda1dz4"/>
  </identifier>
  <name>
    <family value="K"/>
    <given value="Mr."/>
  </name>
  <gender value="male"/>
  <birthDate value="1948-10-07"/>
</Patient>