{
  "resourceType" : "CarePlan",
  "id" : "ppcCookingDinnerCarePlanExample",
  "meta" : {
    "profile" : ["http://hl7.org/fhir/us/pco/StructureDefinition/pco-care-plan"]
  },
  "text" : {
    "status" : "generated",
    "div" : "<div xmlns=\"http://www.w3.org/1999/xhtml\"><p class=\"res-header-id\"><b>Generated Narrative: CarePlan ppcCookingDinnerCarePlanExample</b></p><a name=\"ppcCookingDinnerCarePlanExample\"> </a><a name=\"hcppcCookingDinnerCarePlanExample\"> </a><a name=\"ppcCookingDinnerCarePlanExample-en-US\"> </a><p><b>status</b>: Active</p><p><b>intent</b>: Plan</p><p><b>category</b>: <span title=\"Codes:{http://hl7.org/fhir/us/core/CodeSystem/careplan-category assess-plan}\">Assessment and Plan of Treatment</span></p><p><b>subject</b>: <a href=\"Patient-ppcPatientMrK.html\">Mr. K  Male, DoB: 1948-10-07 ( http://example.org#ee8d4ac0-545c-4501-8d7e-646bfbda1dz4\u00a0(use:\u00a0official,\u00a0))</a></p><p><b>period</b>: 2025-01-05 --&gt; 2025-06-30</p><p><b>goal</b>: <a href=\"Goal-ppcGoalGrillForFamily.html\">Goal: lifecycleStatus = active; achievementStatus = In Progress; category = What Matters,Social Functioning; description = ; start[x] = 2025-01-02</a></p><h3>Activities</h3><table class=\"grid\"><tr><td style=\"display: none\">-</td><td><b>Reference</b></td></tr><tr><td style=\"display: none\">*</td><td><a href=\"ServiceRequest-ppcPhysicalTherapyReferral.html\">ServiceRequest Physical therapy procedure (regime/therapy)</a></td></tr></table></div>"
  },
  "status" : "active",
  "intent" : "plan",
  "category" : [{
    "coding" : [{
      "system" : "http://hl7.org/fhir/us/core/CodeSystem/careplan-category",
      "code" : "assess-plan"
    }]
  }],
  "subject" : {
    "reference" : "Patient/ppcPatientMrK"
  },
  "period" : {
    "start" : "2025-01-05",
    "end" : "2025-06-30"
  },
  "goal" : [{
    "reference" : "Goal/ppcGoalGrillForFamily"
  }],
  "activity" : [{
    "reference" : {
      "reference" : "ServiceRequest/ppcPhysicalTherapyReferral"
    }
  }]
}