<?xml version="1.0" encoding="UTF-8"?>

<CodeSystem xmlns="http://hl7.org/fhir">
  <id value="ppc-what-matters-concepts"/>
  <text>
    <status value="generated"/><div xmlns="http://www.w3.org/1999/xhtml"><p class="res-header-id"><b>Generated Narrative: CodeSystem ppc-what-matters-concepts</b></p><a name="ppc-what-matters-concepts"> </a><a name="hcppc-what-matters-concepts"> </a><a name="ppc-what-matters-concepts-en-US"> </a><p>This case-sensitive code system <code>http://mtnlotus.com/fhir/ppc/CodeSystem/ppc-what-matters-concepts</code> defines the following codes:</p><table class="codes"><tr><td style="white-space:nowrap"><b>Code</b></td><td><b>Display</b></td></tr><tr><td style="white-space:nowrap">ppc-wm-1<a name="ppc-what-matters-concepts-ppc-wm-1"> </a></td><td>Other</td></tr><tr><td style="white-space:nowrap">ppc-wm-2<a name="ppc-what-matters-concepts-ppc-wm-2"> </a></td><td>Doing activities with family and friends</td></tr><tr><td style="white-space:nowrap">ppc-wm-3<a name="ppc-what-matters-concepts-ppc-wm-3"> </a></td><td>Walking or moving inside and outside of my home</td></tr><tr><td style="white-space:nowrap">ppc-wm-4<a name="ppc-what-matters-concepts-ppc-wm-4"> </a></td><td>Taking care of family and friends and/or pets in my life</td></tr><tr><td style="white-space:nowrap">ppc-wm-5<a name="ppc-what-matters-concepts-ppc-wm-5"> </a></td><td>Comfort and function are more important than living longer</td></tr><tr><td style="white-space:nowrap">ppc-wm-6<a name="ppc-what-matters-concepts-ppc-wm-6"> </a></td><td>Activities that support my religious or spiritual life</td></tr><tr><td style="white-space:nowrap">ppc-wm-7<a name="ppc-what-matters-concepts-ppc-wm-7"> </a></td><td>Living as long as possible even if I am unable to do the things that are most important to me</td></tr><tr><td style="white-space:nowrap">ppc-wm-8<a name="ppc-what-matters-concepts-ppc-wm-8"> </a></td><td>Doing productive work (e.g. a job or volunteering)</td></tr><tr><td style="white-space:nowrap">ppc-wm-9<a name="ppc-what-matters-concepts-ppc-wm-9"> </a></td><td>Living as long as possible, even if that means more treatments, pain, or discomfort</td></tr><tr><td style="white-space:nowrap">ppc-wm-10<a name="ppc-what-matters-concepts-ppc-wm-10"> </a></td><td>Eating food I enjoy</td></tr><tr><td style="white-space:nowrap">ppc-wm-11<a name="ppc-what-matters-concepts-ppc-wm-11"> </a></td><td>Reducing the amount of time I devote to health care</td></tr><tr><td style="white-space:nowrap">ppc-wm-12<a name="ppc-what-matters-concepts-ppc-wm-12"> </a></td><td>Taking care of myself</td></tr><tr><td style="white-space:nowrap">ppc-wm-13<a name="ppc-what-matters-concepts-ppc-wm-13"> </a></td><td>Avoiding spending time in the hospital</td></tr><tr><td style="white-space:nowrap">ppc-wm-14<a name="ppc-what-matters-concepts-ppc-wm-14"> </a></td><td>Living at home</td></tr><tr><td style="white-space:nowrap">ppc-wm-15<a name="ppc-what-matters-concepts-ppc-wm-15"> </a></td><td>Taking care of my home</td></tr></table></div>
  </text>
  <url value="http://mtnlotus.com/fhir/ppc/CodeSystem/ppc-what-matters-concepts"/>
  <version value="0.1.0"/>
  <name value="PPCWhatMattersConcepts"/>
  <title value="PPC What Matters Concepts"/>
  <status value="active"/>
  <experimental value="false"/>
  <date value="2025-01-10T14:56:59+00:00"/>
  <publisher value="Mountain Lotus WellBeing LLC"/>
  <contact>
    <name value="Mountain Lotus WellBeing LLC"/>
    <telecom>
      <system value="url"/>
      <value value="http://mtnlotus.com"/>
    </telecom>
  </contact>
  <description value="Code system to identify What Matters concepts from Patient Priories Care (PPC)"/>
  <jurisdiction>
    <coding>
      <system value="urn:iso:std:iso:3166"/>
      <code value="US"/>
    </coding>
  </jurisdiction>
  <copyright value="© Copyright 2024+ Mary Tinetti and Aanand Naik. All rights reserved. Licensed under CC BY 4.0"/>
  <caseSensitive value="true"/>
  <content value="complete"/>
  <count value="15"/>
  <concept>
    <code value="ppc-wm-1"/>
    <display value="Other"/>
  </concept>
  <concept>
    <code value="ppc-wm-2"/>
    <display value="Doing activities with family and friends"/>
  </concept>
  <concept>
    <code value="ppc-wm-3"/>
    <display value="Walking or moving inside and outside of my home"/>
  </concept>
  <concept>
    <code value="ppc-wm-4"/>
    <display value="Taking care of family and friends and/or pets in my life"/>
  </concept>
  <concept>
    <code value="ppc-wm-5"/>
    <display value="Comfort and function are more important than living longer"/>
  </concept>
  <concept>
    <code value="ppc-wm-6"/>
    <display value="Activities that support my religious or spiritual life"/>
  </concept>
  <concept>
    <code value="ppc-wm-7"/>
    <display value="Living as long as possible even if I am unable to do the things that are most important to me"/>
  </concept>
  <concept>
    <code value="ppc-wm-8"/>
    <display value="Doing productive work (e.g. a job or volunteering)"/>
  </concept>
  <concept>
    <code value="ppc-wm-9"/>
    <display value="Living as long as possible, even if that means more treatments, pain, or discomfort"/>
  </concept>
  <concept>
    <code value="ppc-wm-10"/>
    <display value="Eating food I enjoy"/>
  </concept>
  <concept>
    <code value="ppc-wm-11"/>
    <display value="Reducing the amount of time I devote to health care"/>
  </concept>
  <concept>
    <code value="ppc-wm-12"/>
    <display value="Taking care of myself"/>
  </concept>
  <concept>
    <code value="ppc-wm-13"/>
    <display value="Avoiding spending time in the hospital"/>
  </concept>
  <concept>
    <code value="ppc-wm-14"/>
    <display value="Living at home"/>
  </concept>
  <concept>
    <code value="ppc-wm-15"/>
    <display value="Taking care of my home"/>
  </concept>
</CodeSystem>