{
  "resourceType" : "List",
  "id" : "ppcPrioritiesList",
  "meta" : {
    "profile" : ["http://hl7.org/fhir/us/pco/StructureDefinition/pco-personal-priorities-organizer"]
  },
  "text" : {
    "status" : "generated",
    "div" : "<div xmlns=\"http://www.w3.org/1999/xhtml\"><p class=\"res-header-id\"><b>Generated Narrative: List ppcPrioritiesList</b></p><a name=\"ppcPrioritiesList\"> </a><a name=\"hcppcPrioritiesList\"> </a><a name=\"ppcPrioritiesList-en-US\"> </a><table class=\"clstu\"><tr><td>Date: 2025-01-02 15:05:00+0000 </td><td>Mode: Working List </td><td>Status: Current </td><td>Code: Goals AndOr preferences in order of priority [Reported] </td></tr><tr><td>Subject: <a href=\"Patient-ppcPatientMrK.html\">Mr. K  Male, DoB: 1948-10-07 ( http://example.org#ee8d4ac0-545c-4501-8d7e-646bfbda1dz4\u00a0(use:\u00a0official,\u00a0))</a>Order: Sorted by Priority </td></tr></table><table class=\"grid\"><tr style=\"backgound-color: #eeeeee\"><td><b>Items</b></td></tr><tr><td><a href=\"Observation-ppcWhatMattersActivitiesWithFamily.html\">Observation Doing activities with family and friends</a></td></tr><tr><td><a href=\"Observation-ppcBarrierFeelingTired.html\">Observation Assessment of barriers to meet care plan goals performed</a></td></tr><tr><td><a href=\"Observation-ppcCareTradeOffBurdensomeSpecialDiet.html\">Observation Burdensome</a></td></tr></table></div>"
  },
  "status" : "current",
  "mode" : "working",
  "code" : {
    "coding" : [{
      "system" : "http://loinc.org",
      "code" : "81340-2"
    }]
  },
  "subject" : {
    "reference" : "Patient/ppcPatientMrK"
  },
  "date" : "2025-01-02T15:05:00Z",
  "orderedBy" : {
    "coding" : [{
      "system" : "http://terminology.hl7.org/CodeSystem/list-order",
      "code" : "priority"
    }]
  },
  "entry" : [{
    "item" : {
      "reference" : "Observation/ppcWhatMattersActivitiesWithFamily"
    }
  },
  {
    "item" : {
      "reference" : "Observation/ppcBarrierFeelingTired"
    }
  },
  {
    "item" : {
      "reference" : "Observation/ppcCareTradeOffBurdensomeSpecialDiet"
    }
  }]
}