<?xml version="1.0" encoding="UTF-8"?>

<List xmlns="http://hl7.org/fhir">
  <id value="ppcPrioritiesList"/>
  <meta>
    <profile value="http://hl7.org/fhir/us/pco/StructureDefinition/pco-personal-priorities-organizer"/>
  </meta>
  <text>
    <status value="generated"/><div xmlns="http://www.w3.org/1999/xhtml"><p class="res-header-id"><b>Generated Narrative: List ppcPrioritiesList</b></p><a name="ppcPrioritiesList"> </a><a name="hcppcPrioritiesList"> </a><a name="ppcPrioritiesList-en-US"> </a><table class="clstu"><tr><td>Date: 2025-01-02 15:05:00+0000 </td><td>Mode: Working List </td><td>Status: Current </td><td>Code: Goals AndOr preferences in order of priority [Reported] </td></tr><tr><td>Subject: <a href="Patient-ppcPatientMrK.html">Mr. K  Male, DoB: 1948-10-07 ( http://example.org#ee8d4ac0-545c-4501-8d7e-646bfbda1dz4 (use: official, ))</a>Order: Sorted by Priority </td></tr></table><table class="grid"><tr style="backgound-color: #eeeeee"><td><b>Items</b></td></tr><tr><td><a href="Observation-ppcWhatMattersActivitiesWithFamily.html">Observation Doing activities with family and friends</a></td></tr><tr><td><a href="Observation-ppcBarrierFeelingTired.html">Observation Assessment of barriers to meet care plan goals performed</a></td></tr><tr><td><a href="Observation-ppcCareTradeOffBurdensomeSpecialDiet.html">Observation Burdensome</a></td></tr></table></div>
  </text>
  <status value="current"/>
  <mode value="working"/>
  <code>
    <coding>
      <system value="http://loinc.org"/>
      <code value="81340-2"/>
    </coding>
  </code>
  <subject>
    <reference value="Patient/ppcPatientMrK"/>
  </subject>
  <date value="2025-01-02T15:05:00Z"/>
  <orderedBy>
    <coding>
      <system value="http://terminology.hl7.org/CodeSystem/list-order"/>
      <code value="priority"/>
    </coding>
  </orderedBy>
  <entry>
    <item>
      <reference value="Observation/ppcWhatMattersActivitiesWithFamily"/>
    </item>
  </entry>
  <entry>
    <item>
      <reference value="Observation/ppcBarrierFeelingTired"/>
    </item>
  </entry>
  <entry>
    <item>
      <reference value="Observation/ppcCareTradeOffBurdensomeSpecialDiet"/>
    </item>
  </entry>
</List>