{
  "resourceType" : "Observation",
  "id" : "ppcCareTradeOffHelpfulArthritisCream",
  "meta" : {
    "profile" : ["http://hl7.org/fhir/us/pco/StructureDefinition/pco-care-tradeoff"]
  },
  "text" : {
    "status" : "generated",
    "div" : "<div xmlns=\"http://www.w3.org/1999/xhtml\"><p class=\"res-header-id\"><b>Generated Narrative: Observation ppcCareTradeOffHelpfulArthritisCream</b></p><a name=\"ppcCareTradeOffHelpfulArthritisCream\"> </a><a name=\"hcppcCareTradeOffHelpfulArthritisCream\"> </a><a name=\"ppcCareTradeOffHelpfulArthritisCream-en-US\"> </a><p><b>status</b>: Final</p><p><b>category</b>: <span title=\"Codes:{http://terminology.hl7.org/CodeSystem/observation-category survey}\">Survey</span></p><p><b>code</b>: <span title=\"Codes:{http://hl7.org/fhir/us/pco/CodeSystem/pco-care-tradeoff-choice-codes helpful-care}\">Helpful</span></p><p><b>subject</b>: <a href=\"Patient-ppcPatientMrK.html\">Mr. K  Male, DoB: 1948-10-07 ( http://example.org#ee8d4ac0-545c-4501-8d7e-646bfbda1dz4\u00a0(use:\u00a0official,\u00a0))</a></p><p><b>focus</b>: <a href=\"Goal-ppcGoalGrillForFamily.html\">Goal: lifecycleStatus = active; achievementStatus = In Progress; category = What Matters,Social Functioning; description = ; start[x] = 2025-01-02</a></p><p><b>effective</b>: 2025-01-02 15:05:00+0000</p><p><b>performer</b>: <a href=\"Patient-ppcPatientMrK.html\">Mr. K  Male, DoB: 1948-10-07 ( http://example.org#ee8d4ac0-545c-4501-8d7e-646bfbda1dz4\u00a0(use:\u00a0official,\u00a0))</a></p><p><b>value</b>: <span title=\"Codes:{http://mtnlotus.com/fhir/ppc/CodeSystem/ppc-care-tradeoff-concepts medications}\">Arthritis cream</span></p></div>"
  },
  "status" : "final",
  "category" : [{
    "coding" : [{
      "system" : "http://terminology.hl7.org/CodeSystem/observation-category",
      "code" : "survey"
    }]
  }],
  "code" : {
    "coding" : [{
      "system" : "http://hl7.org/fhir/us/pco/CodeSystem/pco-care-tradeoff-choice-codes",
      "code" : "helpful-care",
      "display" : "Helpful"
    }]
  },
  "subject" : {
    "reference" : "Patient/ppcPatientMrK"
  },
  "focus" : [{
    "reference" : "Goal/ppcGoalGrillForFamily"
  }],
  "effectiveDateTime" : "2025-01-02T15:05:00Z",
  "performer" : [{
    "reference" : "Patient/ppcPatientMrK"
  }],
  "valueCodeableConcept" : {
    "coding" : [{
      "system" : "http://mtnlotus.com/fhir/ppc/CodeSystem/ppc-care-tradeoff-concepts",
      "code" : "medications",
      "display" : "Medications"
    }],
    "text" : "Arthritis cream"
  }
}