{
  "resourceType" : "Observation",
  "id" : "ppcBarrierUrinaryIncontinence",
  "meta" : {
    "profile" : ["http://hl7.org/fhir/us/pco/StructureDefinition/pco-goal-barrier"]
  },
  "text" : {
    "status" : "generated",
    "div" : "<div xmlns=\"http://www.w3.org/1999/xhtml\"><p class=\"res-header-id\"><b>Generated Narrative: Observation ppcBarrierUrinaryIncontinence</b></p><a name=\"ppcBarrierUrinaryIncontinence\"> </a><a name=\"hcppcBarrierUrinaryIncontinence\"> </a><a name=\"ppcBarrierUrinaryIncontinence-en-US\"> </a><p><b>status</b>: Final</p><p><b>category</b>: <span title=\"Codes:{http://terminology.hl7.org/CodeSystem/observation-category survey}\">Survey</span></p><p><b>code</b>: <span title=\"Codes:{http://snomed.info/sct 452341000124107}\">Assessment of barriers to meet care plan goals performed</span></p><p><b>subject</b>: <a href=\"Patient-ppcPatientMrK.html\">Mr. K  Male, DoB: 1948-10-07 ( http://example.org#ee8d4ac0-545c-4501-8d7e-646bfbda1dz4\u00a0(use:\u00a0official,\u00a0))</a></p><p><b>focus</b>: <a href=\"Goal-ppcGoalGrillForFamily.html\">Goal: lifecycleStatus = active; achievementStatus = In Progress; category = What Matters,Social Functioning; description = ; start[x] = 2025-01-02</a></p><p><b>effective</b>: 2025-01-02 15:05:00+0000</p><p><b>performer</b>: <a href=\"Patient-ppcPatientMrK.html\">Mr. K  Male, DoB: 1948-10-07 ( http://example.org#ee8d4ac0-545c-4501-8d7e-646bfbda1dz4\u00a0(use:\u00a0official,\u00a0))</a></p><p><b>value</b>: <span title=\"Codes:{http://mtnlotus.com/fhir/ppc/CodeSystem/ppc-bothersome-health-concern-concepts urinary-incontinence}\">Having urinary incontinence</span></p></div>"
  },
  "status" : "final",
  "category" : [{
    "coding" : [{
      "system" : "http://terminology.hl7.org/CodeSystem/observation-category",
      "code" : "survey"
    }]
  }],
  "code" : {
    "coding" : [{
      "system" : "http://snomed.info/sct",
      "code" : "452341000124107",
      "display" : "Assessment of barriers to meet care plan goals performed"
    }]
  },
  "subject" : {
    "reference" : "Patient/ppcPatientMrK"
  },
  "focus" : [{
    "reference" : "Goal/ppcGoalGrillForFamily"
  }],
  "effectiveDateTime" : "2025-01-02T15:05:00Z",
  "performer" : [{
    "reference" : "Patient/ppcPatientMrK"
  }],
  "valueCodeableConcept" : {
    "coding" : [{
      "system" : "http://mtnlotus.com/fhir/ppc/CodeSystem/ppc-bothersome-health-concern-concepts",
      "code" : "urinary-incontinence",
      "display" : "Having urinary incontinence"
    }]
  }
}