<?xml version="1.0" encoding="UTF-8"?>

<Observation xmlns="http://hl7.org/fhir">
  <id value="ppcGASScoreBaselineExample"/>
  <meta>
    <profile value="http://hl7.org/fhir/us/pco/StructureDefinition/pco-gas-score-observation"/>
  </meta>
  <text>
    <status value="generated"/><div xmlns="http://www.w3.org/1999/xhtml"><p class="res-header-id"><b>Generated Narrative: Observation ppcGASScoreBaselineExample</b></p><a name="ppcGASScoreBaselineExample"> </a><a name="hcppcGASScoreBaselineExample"> </a><a name="ppcGASScoreBaselineExample-en-US"> </a><p><b>status</b>: Final</p><p><b>category</b>: <span title="Codes:{http://terminology.hl7.org/CodeSystem/observation-category survey}">Survey</span></p><p><b>code</b>: <span title="Codes:{http://loinc.org 68489}">Goal attainment scale</span></p><p><b>subject</b>: <a href="Patient-ppcPatientMrK.html">Mr. K  Male, DoB: 1948-10-07 ( http://example.org#ee8d4ac0-545c-4501-8d7e-646bfbda1dz4 (use: official, ))</a></p><p><b>focus</b>: <a href="Goal-ppcGoalGrillForFamily.html">Goal: lifecycleStatus = active; achievementStatus = In Progress; category = What Matters,Social Functioning; description = ; start[x] = 2025-01-02</a></p><p><b>effective</b>: 2025-01-05 10:15:00+0000</p><p><b>performer</b>: <a href="Practitioner-pcoPractitionerGonzalez.html">Practitioner Maria Gonzalez, NBC-HWC</a></p><p><b>value</b>: <span title="Codes:{http://loinc.org gas-less-than-expected}">Less than expected</span></p></div>
  </text>
  <status value="final"/>
  <category>
    <coding>
      <system value="http://terminology.hl7.org/CodeSystem/observation-category"/>
      <code value="survey"/>
    </coding>
  </category>
  <code>
    <coding>
      <system value="http://loinc.org"/>
      <code value="68489"/>
      <display value="Goal attainment scale"/>
    </coding>
  </code>
  <subject>
    <reference value="Patient/ppcPatientMrK"/>
  </subject>
  <focus>
    <reference value="Goal/ppcGoalGrillForFamily"/>
  </focus>
  <effectiveDateTime value="2025-01-05T10:15:00Z"/>
  <performer>
    <reference value="Practitioner/pcoPractitionerGonzalez"/>
  </performer>
  <valueCodeableConcept>
    <coding>
      <system value="http://loinc.org"/>
      <code value="gas-less-than-expected"/>
      <display value="Less than expected"/>
    </coding>
  </valueCodeableConcept>
</Observation>