<?xml version="1.0" encoding="UTF-8"?>

<Observation xmlns="http://hl7.org/fhir">
  <id value="ppcGASScorePractitionerFollowupExample"/>
  <meta>
    <profile value="http://hl7.org/fhir/us/pco/StructureDefinition/pco-gas-score-observation"/>
  </meta>
  <text>
    <status value="generated"/><div xmlns="http://www.w3.org/1999/xhtml"><p class="res-header-id"><b>Generated Narrative: Observation ppcGASScorePractitionerFollowupExample</b></p><a name="ppcGASScorePractitionerFollowupExample"> </a><a name="hcppcGASScorePractitionerFollowupExample"> </a><a name="ppcGASScorePractitionerFollowupExample-en-US"> </a><p><b>status</b>: Final</p><p><b>category</b>: <span title="Codes:{http://hl7.org/fhir/us/core/CodeSystem/us-core-category functional-status}">Functional Status</span>, <span title="Codes:{http://terminology.hl7.org/CodeSystem/observation-category survey}">Survey</span></p><p><b>code</b>: <span title="Codes:{http://loinc.org 68490}">Practitioner follow-up goal attainment scaling score</span></p><p><b>subject</b>: <a href="Patient-ppcPatientMrK.html">Mr. K  Male, DoB: 1948-10-07 ( http://example.org#ee8d4ac0-545c-4501-8d7e-646bfbda1dz4 (use: official, ))</a></p><p><b>focus</b>: <a href="Goal-ppcGoalGrillForFamily.html">Goal: lifecycleStatus = active; achievementStatus = In Progress; category = What Matters,Social Functioning; description = ; start[x] = 2025-01-02</a></p><p><b>effective</b>: 2025-02-16 14:33:00+0000</p><p><b>performer</b>: <a href="Practitioner-pcoPractitionerGonzalez.html">Practitioner Maria Gonzalez, NBC-HWC</a></p><p><b>value</b>: <span title="Codes:{http://loinc.org LA6111-4}">Expected outcome</span></p></div>
  </text>
  <status value="final"/>
  <category>
    <coding>
      <system value="http://hl7.org/fhir/us/core/CodeSystem/us-core-category"/>
      <code value="functional-status"/>
      <display value="Functional Status"/>
    </coding>
  </category>
  <category>
    <coding>
      <system value="http://terminology.hl7.org/CodeSystem/observation-category"/>
      <code value="survey"/>
    </coding>
  </category>
  <code>
    <coding>
      <system value="http://loinc.org"/>
      <code value="68490"/>
      <display value="Practitioner follow-up goal attainment scaling score"/>
    </coding>
  </code>
  <subject>
    <reference value="Patient/ppcPatientMrK"/>
  </subject>
  <focus>
    <reference value="Goal/ppcGoalGrillForFamily"/>
  </focus>
  <effectiveDateTime value="2025-02-16T14:33:00Z"/>
  <performer>
    <reference value="Practitioner/pcoPractitionerGonzalez"/>
  </performer>
  <valueCodeableConcept>
    <coding>
      <system value="http://loinc.org"/>
      <code value="LA6111-4"/>
      <display value="0"/>
    </coding>
    <text value="Expected outcome"/>
  </valueCodeableConcept>
</Observation>