{"resourceType":"CodeSystem","id":"ppc-what-matters-concepts","text":{"status":"generated","div":"<div xmlns=\"http://www.w3.org/1999/xhtml\"><p class=\"res-header-id\"><b>Generated Narrative: CodeSystem ppc-what-matters-concepts</b></p><a name=\"ppc-what-matters-concepts\"> </a><a name=\"hcppc-what-matters-concepts\"> </a><a name=\"ppc-what-matters-concepts-en-US\"> </a><p>This case-sensitive code system <code>http://mtnlotus.com/fhir/ppc/CodeSystem/ppc-what-matters-concepts</code> defines the following codes:</p><table class=\"codes\"><tr><td style=\"white-space:nowrap\"><b>Code</b></td><td><b>Display</b></td></tr><tr><td style=\"white-space:nowrap\">ppc-wm-1<a name=\"ppc-what-matters-concepts-ppc-wm-1\"> </a></td><td>Other</td></tr><tr><td style=\"white-space:nowrap\">ppc-wm-2<a name=\"ppc-what-matters-concepts-ppc-wm-2\"> </a></td><td>Doing activities with family and friends</td></tr><tr><td style=\"white-space:nowrap\">ppc-wm-3<a name=\"ppc-what-matters-concepts-ppc-wm-3\"> </a></td><td>Walking or moving inside and outside of my home</td></tr><tr><td style=\"white-space:nowrap\">ppc-wm-4<a name=\"ppc-what-matters-concepts-ppc-wm-4\"> </a></td><td>Taking care of family and friends and/or pets in my life</td></tr><tr><td style=\"white-space:nowrap\">ppc-wm-5<a name=\"ppc-what-matters-concepts-ppc-wm-5\"> </a></td><td>Comfort and function are more important than living longer</td></tr><tr><td style=\"white-space:nowrap\">ppc-wm-6<a name=\"ppc-what-matters-concepts-ppc-wm-6\"> </a></td><td>Activities that support my religious or spiritual life</td></tr><tr><td style=\"white-space:nowrap\">ppc-wm-7<a name=\"ppc-what-matters-concepts-ppc-wm-7\"> </a></td><td>Living as long as possible even if I am unable to do the things that are most important to me</td></tr><tr><td style=\"white-space:nowrap\">ppc-wm-8<a name=\"ppc-what-matters-concepts-ppc-wm-8\"> </a></td><td>Doing productive work (e.g. a job or volunteering)</td></tr><tr><td style=\"white-space:nowrap\">ppc-wm-9<a name=\"ppc-what-matters-concepts-ppc-wm-9\"> </a></td><td>Living as long as possible, even if that means more treatments, pain, or discomfort</td></tr><tr><td style=\"white-space:nowrap\">ppc-wm-10<a name=\"ppc-what-matters-concepts-ppc-wm-10\"> </a></td><td>Eating food I enjoy</td></tr><tr><td style=\"white-space:nowrap\">ppc-wm-11<a name=\"ppc-what-matters-concepts-ppc-wm-11\"> </a></td><td>Reducing the amount of time I devote to health care</td></tr><tr><td style=\"white-space:nowrap\">ppc-wm-12<a name=\"ppc-what-matters-concepts-ppc-wm-12\"> </a></td><td>Taking care of myself</td></tr><tr><td style=\"white-space:nowrap\">ppc-wm-13<a name=\"ppc-what-matters-concepts-ppc-wm-13\"> </a></td><td>Avoiding spending time in the hospital</td></tr><tr><td style=\"white-space:nowrap\">ppc-wm-14<a name=\"ppc-what-matters-concepts-ppc-wm-14\"> </a></td><td>Living at home</td></tr><tr><td style=\"white-space:nowrap\">ppc-wm-15<a name=\"ppc-what-matters-concepts-ppc-wm-15\"> </a></td><td>Taking care of my home</td></tr></table></div>"},"url":"http://mtnlotus.com/fhir/ppc/CodeSystem/ppc-what-matters-concepts","version":"0.1.0","name":"PPCWhatMattersConcepts","title":"PPC What Matters Concepts","status":"active","experimental":false,"date":"2025-01-10T14:56:59+00:00","publisher":"Mountain Lotus WellBeing LLC","contact":[{"name":"Mountain Lotus WellBeing LLC","telecom":[{"system":"url","value":"http://mtnlotus.com"}]}],"description":"Code system to identify What Matters concepts from Patient Priories Care (PPC)","jurisdiction":[{"coding":[{"system":"urn:iso:std:iso:3166","code":"US"}]}],"copyright":"© Copyright 2024+ Mary Tinetti and Aanand Naik. All rights reserved. Licensed under CC BY 4.0","caseSensitive":true,"content":"complete","count":15,"concept":[{"code":"ppc-wm-1","display":"Other"},{"code":"ppc-wm-2","display":"Doing activities with family and friends"},{"code":"ppc-wm-3","display":"Walking or moving inside and outside of my home"},{"code":"ppc-wm-4","display":"Taking care of family and friends and/or pets in my life"},{"code":"ppc-wm-5","display":"Comfort and function are more important than living longer"},{"code":"ppc-wm-6","display":"Activities that support my religious or spiritual life"},{"code":"ppc-wm-7","display":"Living as long as possible even if I am unable to do the things that are most important to me"},{"code":"ppc-wm-8","display":"Doing productive work (e.g. a job or volunteering)"},{"code":"ppc-wm-9","display":"Living as long as possible, even if that means more treatments, pain, or discomfort"},{"code":"ppc-wm-10","display":"Eating food I enjoy"},{"code":"ppc-wm-11","display":"Reducing the amount of time I devote to health care"},{"code":"ppc-wm-12","display":"Taking care of myself"},{"code":"ppc-wm-13","display":"Avoiding spending time in the hospital"},{"code":"ppc-wm-14","display":"Living at home"},{"code":"ppc-wm-15","display":"Taking care of my home"}]}