{"resourceType":"CodeSystem","id":"ppc-bothersome-health-concern-concepts","text":{"status":"generated","div":"<div xmlns=\"http://www.w3.org/1999/xhtml\"><p class=\"res-header-id\"><b>Generated Narrative: CodeSystem ppc-bothersome-health-concern-concepts</b></p><a name=\"ppc-bothersome-health-concern-concepts\"> </a><a name=\"hcppc-bothersome-health-concern-concepts\"> </a><a name=\"ppc-bothersome-health-concern-concepts-en-US\"> </a><p>This case-sensitive code system <code>http://mtnlotus.com/fhir/ppc/CodeSystem/ppc-bothersome-health-concern-concepts</code> defines the following codes:</p><table class=\"codes\"><tr><td style=\"white-space:nowrap\"><b>Code</b></td><td><b>Display</b></td></tr><tr><td style=\"white-space:nowrap\">other<a name=\"ppc-bothersome-health-concern-concepts-other\"> </a></td><td>Other</td></tr><tr><td style=\"white-space:nowrap\">muscle-weakness<a name=\"ppc-bothersome-health-concern-concepts-muscle-weakness\"> </a></td><td>Feeling muscle weakness</td></tr><tr><td style=\"white-space:nowrap\">pain<a name=\"ppc-bothersome-health-concern-concepts-pain\"> </a></td><td>Feeling pain</td></tr><tr><td style=\"white-space:nowrap\">unsteady<a name=\"ppc-bothersome-health-concern-concepts-unsteady\"> </a></td><td>Feeling unsteady; trouble balancing/walking</td></tr><tr><td style=\"white-space:nowrap\">worried-nervous-anxious<a name=\"ppc-bothersome-health-concern-concepts-worried-nervous-anxious\"> </a></td><td>Feeling worried, nervous, anxious</td></tr><tr><td style=\"white-space:nowrap\">sad<a name=\"ppc-bothersome-health-concern-concepts-sad\"> </a></td><td>Feeling sad</td></tr><tr><td style=\"white-space:nowrap\">irritable<a name=\"ppc-bothersome-health-concern-concepts-irritable\"> </a></td><td>Feeling irritable</td></tr><tr><td style=\"white-space:nowrap\">adverse-effects<a name=\"ppc-bothersome-health-concern-concepts-adverse-effects\"> </a></td><td>Feeling adverse effects from treatment(s)</td></tr><tr><td style=\"white-space:nowrap\">dizzy<a name=\"ppc-bothersome-health-concern-concepts-dizzy\"> </a></td><td>Feeling dizzy</td></tr><tr><td style=\"white-space:nowrap\">tired-lacking-energy<a name=\"ppc-bothersome-health-concern-concepts-tired-lacking-energy\"> </a></td><td>Feeling tired/lacking energy</td></tr><tr><td style=\"white-space:nowrap\">touble-sleeping<a name=\"ppc-bothersome-health-concern-concepts-touble-sleeping\"> </a></td><td>Having trouble sleeping</td></tr><tr><td style=\"white-space:nowrap\">poor-eyesight<a name=\"ppc-bothersome-health-concern-concepts-poor-eyesight\"> </a></td><td>Having poor eyesight</td></tr><tr><td style=\"white-space:nowrap\">poor-hearing<a name=\"ppc-bothersome-health-concern-concepts-poor-hearing\"> </a></td><td>Having poor hearing</td></tr><tr><td style=\"white-space:nowrap\">leg-swelling<a name=\"ppc-bothersome-health-concern-concepts-leg-swelling\"> </a></td><td>Having leg swelling</td></tr><tr><td style=\"white-space:nowrap\">trouble-breathing<a name=\"ppc-bothersome-health-concern-concepts-trouble-breathing\"> </a></td><td>Having trouble breathing (short of breath)</td></tr><tr><td style=\"white-space:nowrap\">healthcare-tasks-take-too-much-time<a name=\"ppc-bothersome-health-concern-concepts-healthcare-tasks-take-too-much-time\"> </a></td><td>Having health care tasks take too much time</td></tr><tr><td style=\"white-space:nowrap\">urinary-incontinence<a name=\"ppc-bothersome-health-concern-concepts-urinary-incontinence\"> </a></td><td>Having urinary incontinence</td></tr><tr><td style=\"white-space:nowrap\">bathroom-often<a name=\"ppc-bothersome-health-concern-concepts-bathroom-often\"> </a></td><td>Having to go to the bathroom often</td></tr><tr><td style=\"white-space:nowrap\">diarrhea<a name=\"ppc-bothersome-health-concern-concepts-diarrhea\"> </a></td><td>Having diarrhea</td></tr><tr><td style=\"white-space:nowrap\">constipation<a name=\"ppc-bothersome-health-concern-concepts-constipation\"> </a></td><td>Having constipation</td></tr><tr><td style=\"white-space:nowrap\">upset-stomach-nausea<a name=\"ppc-bothersome-health-concern-concepts-upset-stomach-nausea\"> </a></td><td>Having upset stomach, nausea</td></tr><tr><td style=\"white-space:nowrap\">memory-problems<a name=\"ppc-bothersome-health-concern-concepts-memory-problems\"> </a></td><td>Having confusing or memory problems</td></tr><tr><td style=\"white-space:nowrap\">problem-list-item<a name=\"ppc-bothersome-health-concern-concepts-problem-list-item\"> </a></td><td>Problem List Item</td></tr></table></div>"},"url":"http://mtnlotus.com/fhir/ppc/CodeSystem/ppc-bothersome-health-concern-concepts","version":"0.1.0","name":"PPCBothersomeHealthConcernConcepts","title":"Bothersome Health Concern Concepts","status":"active","experimental":false,"date":"2025-01-10T00:10:52+00:00","publisher":"Mountain Lotus WellBeing LLC","contact":[{"name":"Mountain Lotus WellBeing LLC","telecom":[{"system":"url","value":"http://mtnlotus.com"}]}],"description":"Code system to identify bothersome symptoms or health concerns..","jurisdiction":[{"coding":[{"system":"urn:iso:std:iso:3166","code":"US"}]}],"copyright":"© Copyright 2024+ Mary Tinetti and Aanand Naik. All rights reserved. Licensed under CC BY 4.0","caseSensitive":true,"content":"complete","count":23,"concept":[{"code":"other","display":"Other"},{"code":"muscle-weakness","display":"Feeling muscle weakness"},{"code":"pain","display":"Feeling pain"},{"code":"unsteady","display":"Feeling unsteady; trouble balancing/walking"},{"code":"worried-nervous-anxious","display":"Feeling worried, nervous, anxious"},{"code":"sad","display":"Feeling sad"},{"code":"irritable","display":"Feeling irritable"},{"code":"adverse-effects","display":"Feeling adverse effects from treatment(s)"},{"code":"dizzy","display":"Feeling dizzy"},{"code":"tired-lacking-energy","display":"Feeling tired/lacking energy"},{"code":"touble-sleeping","display":"Having trouble sleeping"},{"code":"poor-eyesight","display":"Having poor eyesight"},{"code":"poor-hearing","display":"Having poor hearing"},{"code":"leg-swelling","display":"Having leg swelling"},{"code":"trouble-breathing","display":"Having trouble breathing (short of breath)"},{"code":"healthcare-tasks-take-too-much-time","display":"Having health care tasks take too much time"},{"code":"urinary-incontinence","display":"Having urinary incontinence"},{"code":"bathroom-often","display":"Having to go to the bathroom often"},{"code":"diarrhea","display":"Having diarrhea"},{"code":"constipation","display":"Having constipation"},{"code":"upset-stomach-nausea","display":"Having upset stomach, nausea"},{"code":"memory-problems","display":"Having confusing or memory problems"},{"code":"problem-list-item","display":"Problem List Item"}]}