{"resourceType":"CodeSystem","id":"ppc-care-tradeoff-concepts","text":{"status":"generated","div":"<div xmlns=\"http://www.w3.org/1999/xhtml\"><p class=\"res-header-id\"><b>Generated Narrative: CodeSystem ppc-care-tradeoff-concepts</b></p><a name=\"ppc-care-tradeoff-concepts\"> </a><a name=\"hcppc-care-tradeoff-concepts\"> </a><a name=\"ppc-care-tradeoff-concepts-en-US\"> </a><p>This case-sensitive code system <code>http://mtnlotus.com/fhir/ppc/CodeSystem/ppc-care-tradeoff-concepts</code> defines the following codes in a Is-A hierarchy:</p><table class=\"codes\"><tr><td><b>Lvl</b></td><td style=\"white-space:nowrap\"><b>Code</b></td><td><b>Display</b></td></tr><tr><td>1</td><td style=\"white-space:nowrap\">medications<a name=\"ppc-care-tradeoff-concepts-medications\"> </a></td><td>Medications</td></tr><tr><td>1</td><td style=\"white-space:nowrap\">self-care-tasks<a name=\"ppc-care-tradeoff-concepts-self-care-tasks\"> </a></td><td>Self-care tasks</td></tr><tr><td>2</td><td style=\"white-space:nowrap\">\u00a0\u00a0diet<a name=\"ppc-care-tradeoff-concepts-diet\"> </a></td><td>Following a special diet</td></tr><tr><td>2</td><td style=\"white-space:nowrap\">\u00a0\u00a0exercise<a name=\"ppc-care-tradeoff-concepts-exercise\"> </a></td><td>Exercising</td></tr><tr><td>2</td><td style=\"white-space:nowrap\">\u00a0\u00a0checking-vitals<a name=\"ppc-care-tradeoff-concepts-checking-vitals\"> </a></td><td>Checking health signs (e.g., weight, blood pressure)</td></tr><tr><td>2</td><td style=\"white-space:nowrap\">\u00a0\u00a0checking-blood-sugar<a name=\"ppc-care-tradeoff-concepts-checking-blood-sugar\"> </a></td><td>Checking blood sugar</td></tr><tr><td>2</td><td style=\"white-space:nowrap\">\u00a0\u00a0wearing-cpap-mask<a name=\"ppc-care-tradeoff-concepts-wearing-cpap-mask\"> </a></td><td>Wearing CPAP mask</td></tr><tr><td>2</td><td style=\"white-space:nowrap\">\u00a0\u00a0wearing-oxygen<a name=\"ppc-care-tradeoff-concepts-wearing-oxygen\"> </a></td><td>Wearing oxygen</td></tr><tr><td>2</td><td style=\"white-space:nowrap\">\u00a0\u00a0using-cane-or-walker<a name=\"ppc-care-tradeoff-concepts-using-cane-or-walker\"> </a></td><td>Using a cane or walker</td></tr><tr><td>1</td><td style=\"white-space:nowrap\">treatments-procedures<a name=\"ppc-care-tradeoff-concepts-treatments-procedures\"> </a></td><td>Tests, treatments, and procedures</td></tr><tr><td>2</td><td style=\"white-space:nowrap\">\u00a0\u00a0dialysis<a name=\"ppc-care-tradeoff-concepts-dialysis\"> </a></td><td>Doing Dialysis</td></tr><tr><td>2</td><td style=\"white-space:nowrap\">\u00a0\u00a0chemotherapy<a name=\"ppc-care-tradeoff-concepts-chemotherapy\"> </a></td><td>Doing Chemotherapy</td></tr><tr><td>2</td><td style=\"white-space:nowrap\">\u00a0\u00a0radiation<a name=\"ppc-care-tradeoff-concepts-radiation\"> </a></td><td>Going through Radiation</td></tr><tr><td>2</td><td style=\"white-space:nowrap\">\u00a0\u00a0blood-tests<a name=\"ppc-care-tradeoff-concepts-blood-tests\"> </a></td><td>Having Blood Tests done</td></tr><tr><td>2</td><td style=\"white-space:nowrap\">\u00a0\u00a0x-rays<a name=\"ppc-care-tradeoff-concepts-x-rays\"> </a></td><td>Having X-Rays done</td></tr><tr><td>2</td><td style=\"white-space:nowrap\">\u00a0\u00a0other-diagnostic-tests<a name=\"ppc-care-tradeoff-concepts-other-diagnostic-tests\"> </a></td><td>Going through other Diagnostic Tests (e.g. mammography)</td></tr><tr><td>2</td><td style=\"white-space:nowrap\">\u00a0\u00a0surgeries<a name=\"ppc-care-tradeoff-concepts-surgeries\"> </a></td><td>Having Surgeries</td></tr><tr><td>2</td><td style=\"white-space:nowrap\">\u00a0\u00a0other-procedures<a name=\"ppc-care-tradeoff-concepts-other-procedures\"> </a></td><td>Having other procedures done (e.g. colonoscopy)</td></tr><tr><td>1</td><td style=\"white-space:nowrap\">health-care-visits<a name=\"ppc-care-tradeoff-concepts-health-care-visits\"> </a></td><td>Health Care visits</td></tr><tr><td>2</td><td style=\"white-space:nowrap\">\u00a0\u00a0pcp<a name=\"ppc-care-tradeoff-concepts-pcp\"> </a></td><td>Visiting PCP primary clinician</td></tr><tr><td>2</td><td style=\"white-space:nowrap\">\u00a0\u00a0specialists<a name=\"ppc-care-tradeoff-concepts-specialists\"> </a></td><td>Visiting specialists (e.g., cardiologist, pulmonologist, urologist)</td></tr><tr><td>2</td><td style=\"white-space:nowrap\">\u00a0\u00a0counselor<a name=\"ppc-care-tradeoff-concepts-counselor\"> </a></td><td>Visiting counselor (e.g., psychologist, social worker, therapist)</td></tr><tr><td>2</td><td style=\"white-space:nowrap\">\u00a0\u00a0rehabilitation<a name=\"ppc-care-tradeoff-concepts-rehabilitation\"> </a></td><td>Doing rehabilitation (e.g., physical therapy, cardio rehabilitation)</td></tr><tr><td>1</td><td style=\"white-space:nowrap\">community-services<a name=\"ppc-care-tradeoff-concepts-community-services\"> </a></td><td>Community programs, services and supports</td></tr><tr><td>2</td><td style=\"white-space:nowrap\">\u00a0\u00a0in-home-help<a name=\"ppc-care-tradeoff-concepts-in-home-help\"> </a></td><td>In-home help</td></tr><tr><td>2</td><td style=\"white-space:nowrap\">\u00a0\u00a0transportation<a name=\"ppc-care-tradeoff-concepts-transportation\"> </a></td><td>Transportation</td></tr><tr><td>2</td><td style=\"white-space:nowrap\">\u00a0\u00a0meal-delivery<a name=\"ppc-care-tradeoff-concepts-meal-delivery\"> </a></td><td>Meal delivery</td></tr><tr><td>2</td><td style=\"white-space:nowrap\">\u00a0\u00a0community-based-program<a name=\"ppc-care-tradeoff-concepts-community-based-program\"> </a></td><td>Community-based program</td></tr><tr><td>1</td><td style=\"white-space:nowrap\">other<a name=\"ppc-care-tradeoff-concepts-other\"> </a></td><td>Other</td></tr></table></div>"},"url":"http://mtnlotus.com/fhir/ppc/CodeSystem/ppc-care-tradeoff-concepts","version":"0.1.0","name":"PPCCareTradeOffConcepts","title":"Care Trade-off Concepts","status":"active","experimental":false,"date":"2025-01-10T14:56:59+00:00","publisher":"Mountain Lotus WellBeing LLC","contact":[{"name":"Mountain Lotus WellBeing LLC","telecom":[{"system":"url","value":"http://mtnlotus.com"}]}],"description":"Code system to identify care trade-off concepts.","jurisdiction":[{"coding":[{"system":"urn:iso:std:iso:3166","code":"US"}]}],"copyright":"© Copyright 2024+ Mary Tinetti and Aanand Naik. All rights reserved. Licensed under CC BY 4.0","caseSensitive":true,"hierarchyMeaning":"is-a","content":"complete","count":29,"concept":[{"code":"medications","display":"Medications"},{"code":"self-care-tasks","display":"Self-care tasks","concept":[{"code":"diet","display":"Following a special diet"},{"code":"exercise","display":"Exercising"},{"code":"checking-vitals","display":"Checking health signs (e.g., weight, blood pressure)"},{"code":"checking-blood-sugar","display":"Checking blood sugar"},{"code":"wearing-cpap-mask","display":"Wearing CPAP mask"},{"code":"wearing-oxygen","display":"Wearing oxygen"},{"code":"using-cane-or-walker","display":"Using a cane or walker"}]},{"code":"treatments-procedures","display":"Tests, treatments, and procedures","concept":[{"code":"dialysis","display":"Doing Dialysis"},{"code":"chemotherapy","display":"Doing Chemotherapy"},{"code":"radiation","display":"Going through Radiation"},{"code":"blood-tests","display":"Having Blood Tests done"},{"code":"x-rays","display":"Having X-Rays done"},{"code":"other-diagnostic-tests","display":"Going through other Diagnostic Tests (e.g. mammography)"},{"code":"surgeries","display":"Having Surgeries"},{"code":"other-procedures","display":"Having other procedures done (e.g. colonoscopy)"}]},{"code":"health-care-visits","display":"Health Care visits","concept":[{"code":"pcp","display":"Visiting PCP primary clinician"},{"code":"specialists","display":"Visiting specialists (e.g., cardiologist, pulmonologist, urologist)"},{"code":"counselor","display":"Visiting counselor (e.g., psychologist, social worker, therapist)"},{"code":"rehabilitation","display":"Doing rehabilitation (e.g., physical therapy, cardio rehabilitation)"}]},{"code":"community-services","display":"Community programs, services and supports","concept":[{"code":"in-home-help","display":"In-home help"},{"code":"transportation","display":"Transportation"},{"code":"meal-delivery","display":"Meal delivery"},{"code":"community-based-program","display":"Community-based program"}]},{"code":"other","display":"Other"}]}