{"resourceType":"ValueSet","id":"ppc-what-matters-vs","text":{"status":"generated","div":"<div xmlns=\"http://www.w3.org/1999/xhtml\"><p class=\"res-header-id\"><b>Generated Narrative: ValueSet ppc-what-matters-vs</b></p><a name=\"ppc-what-matters-vs\"> </a><a name=\"hcppc-what-matters-vs\"> </a><a name=\"ppc-what-matters-vs-en-US\"> </a><ul><li>Include all codes defined in <a href=\"CodeSystem-ppc-what-matters-concepts.html\"><code>http://mtnlotus.com/fhir/ppc/CodeSystem/ppc-what-matters-concepts</code></a></li></ul></div>"},"url":"http://mtnlotus.com/fhir/ppc/ValueSet/ppc-what-matters-vs","version":"0.1.0","name":"PPCWhatMatters","title":"PPC What Matters ValueSet","status":"draft","experimental":false,"date":"2025-01-10T00:10:52+00:00","publisher":"Mountain Lotus WellBeing LLC","contact":[{"name":"Mountain Lotus WellBeing LLC","telecom":[{"system":"url","value":"http://mtnlotus.com"}]}],"description":"Vlue set containing types of What Matters.","jurisdiction":[{"coding":[{"system":"urn:iso:std:iso:3166","code":"US"}]}],"compose":{"include":[{"system":"http://mtnlotus.com/fhir/ppc/CodeSystem/ppc-what-matters-concepts"}]}}