{
  "resourceType" : "Observation",
  "id" : "ppcWhatMattersActivitiesWithFamily",
  "meta" : {
    "profile" : ["http://hl7.org/fhir/us/pco/StructureDefinition/pco-what-matters-priority"]
  },
  "text" : {
    "status" : "generated",
    "div" : "<div xmlns=\"http://www.w3.org/1999/xhtml\"><p class=\"res-header-id\"><b>Generated Narrative: Observation ppcWhatMattersActivitiesWithFamily</b></p><a name=\"ppcWhatMattersActivitiesWithFamily\"> </a><a name=\"hcppcWhatMattersActivitiesWithFamily\"> </a><a name=\"ppcWhatMattersActivitiesWithFamily-en-US\"> </a><p><b>status</b>: Final</p><p><b>category</b>: <span title=\"Codes:{http://hl7.org/fhir/us/pco/CodeSystem/wellbeing-concepts what-matters}\">What Matters</span>, <span title=\"Codes:{http://terminology.hl7.org/CodeSystem/observation-category survey}\">Survey</span></p><p><b>code</b>: <span title=\"Codes:{http://mtnlotus.com/fhir/ppc/CodeSystem/ppc-what-matters-concepts ppc-wm-2}\">Doing activities with family and friends</span></p><p><b>subject</b>: <a href=\"Patient-ppcPatientMrK.html\">Mr. K  Male, DoB: 1948-10-07 ( http://example.org#ee8d4ac0-545c-4501-8d7e-646bfbda1dz4\u00a0(use:\u00a0official,\u00a0))</a></p><p><b>effective</b>: 2025-01-02 15:05:00+0000</p><p><b>performer</b>: <a href=\"Patient-ppcPatientMrK.html\">Mr. K  Male, DoB: 1948-10-07 ( http://example.org#ee8d4ac0-545c-4501-8d7e-646bfbda1dz4\u00a0(use:\u00a0official,\u00a0))</a></p><p><b>value</b>: true</p></div>"
  },
  "status" : "final",
  "category" : [{
    "coding" : [{
      "system" : "http://hl7.org/fhir/us/pco/CodeSystem/wellbeing-concepts",
      "code" : "what-matters",
      "display" : "What Matters"
    }]
  },
  {
    "coding" : [{
      "system" : "http://terminology.hl7.org/CodeSystem/observation-category",
      "code" : "survey"
    }]
  }],
  "code" : {
    "coding" : [{
      "system" : "http://mtnlotus.com/fhir/ppc/CodeSystem/ppc-what-matters-concepts",
      "code" : "ppc-wm-2",
      "display" : "Doing activities with family and friends"
    }]
  },
  "subject" : {
    "reference" : "Patient/ppcPatientMrK"
  },
  "effectiveDateTime" : "2025-01-02T15:05:00Z",
  "performer" : [{
    "reference" : "Patient/ppcPatientMrK"
  }],
  "valueBoolean" : true
}