{
  "resourceType" : "Observation",
  "id" : "ppcGASScoreBaselineExample",
  "meta" : {
    "profile" : ["http://hl7.org/fhir/us/pco/StructureDefinition/pco-gas-score-observation"]
  },
  "text" : {
    "status" : "generated",
    "div" : "<div xmlns=\"http://www.w3.org/1999/xhtml\"><p class=\"res-header-id\"><b>Generated Narrative: Observation ppcGASScoreBaselineExample</b></p><a name=\"ppcGASScoreBaselineExample\"> </a><a name=\"hcppcGASScoreBaselineExample\"> </a><a name=\"ppcGASScoreBaselineExample-en-US\"> </a><p><b>status</b>: Final</p><p><b>category</b>: <span title=\"Codes:{http://terminology.hl7.org/CodeSystem/observation-category survey}\">Survey</span></p><p><b>code</b>: <span title=\"Codes:{http://loinc.org 68489}\">Goal attainment scale</span></p><p><b>subject</b>: <a href=\"Patient-ppcPatientMrK.html\">Mr. K  Male, DoB: 1948-10-07 ( http://example.org#ee8d4ac0-545c-4501-8d7e-646bfbda1dz4\u00a0(use:\u00a0official,\u00a0))</a></p><p><b>focus</b>: <a href=\"Goal-ppcGoalGrillForFamily.html\">Goal: lifecycleStatus = active; achievementStatus = In Progress; category = What Matters,Social Functioning; description = ; start[x] = 2025-01-02</a></p><p><b>effective</b>: 2025-01-05 10:15:00+0000</p><p><b>performer</b>: <a href=\"Practitioner-pcoPractitionerGonzalez.html\">Practitioner Maria Gonzalez, NBC-HWC</a></p><p><b>value</b>: <span title=\"Codes:{http://loinc.org gas-less-than-expected}\">Less than expected</span></p></div>"
  },
  "status" : "final",
  "category" : [{
    "coding" : [{
      "system" : "http://terminology.hl7.org/CodeSystem/observation-category",
      "code" : "survey"
    }]
  }],
  "code" : {
    "coding" : [{
      "system" : "http://loinc.org",
      "code" : "68489",
      "display" : "Goal attainment scale"
    }]
  },
  "subject" : {
    "reference" : "Patient/ppcPatientMrK"
  },
  "focus" : [{
    "reference" : "Goal/ppcGoalGrillForFamily"
  }],
  "effectiveDateTime" : "2025-01-05T10:15:00Z",
  "performer" : [{
    "reference" : "Practitioner/pcoPractitionerGonzalez"
  }],
  "valueCodeableConcept" : {
    "coding" : [{
      "system" : "http://loinc.org",
      "code" : "gas-less-than-expected",
      "display" : "Less than expected"
    }]
  }
}