{
  "resourceType" : "Patient",
  "id" : "ppcPatientMrK",
  "meta" : {
    "profile" : ["http://hl7.org/fhir/us/core/StructureDefinition/us-core-patient"]
  },
  "text" : {
    "status" : "generated",
    "div" : "<div xmlns=\"http://www.w3.org/1999/xhtml\"><p class=\"res-header-id\"><b>Generated Narrative: Patient ppcPatientMrK</b></p><a name=\"ppcPatientMrK\"> </a><a name=\"hcppcPatientMrK\"> </a><a name=\"ppcPatientMrK-en-US\"> </a><p style=\"border: 1px #661aff solid; background-color: #e6e6ff; padding: 10px;\">Mr. K  Male, DoB: 1948-10-07 ( http://example.org#ee8d4ac0-545c-4501-8d7e-646bfbda1dz4\u00a0(use:\u00a0official,\u00a0))</p><hr/></div>"
  },
  "identifier" : [{
    "use" : "official",
    "system" : "http://example.org",
    "value" : "ee8d4ac0-545c-4501-8d7e-646bfbda1dz4"
  }],
  "name" : [{
    "family" : "K",
    "given" : ["Mr."]
  }],
  "gender" : "male",
  "birthDate" : "1948-10-07"
}