{
  "resourceType" : "ServiceRequest",
  "id" : "ppcPhysicalTherapyReferral",
  "meta" : {
    "profile" : ["http://hl7.org/fhir/us/core/StructureDefinition/us-core-servicerequest"]
  },
  "text" : {
    "status" : "extensions",
    "div" : "<div xmlns=\"http://www.w3.org/1999/xhtml\"><p class=\"res-header-id\"><b>Generated Narrative: ServiceRequest ppcPhysicalTherapyReferral</b></p><a name=\"ppcPhysicalTherapyReferral\"> </a><a name=\"hcppcPhysicalTherapyReferral\"> </a><a name=\"ppcPhysicalTherapyReferral-en-US\"> </a><p><b>ServiceRequest Pertains To Goal</b>: <a href=\"Goal-ppcGoalGrillForFamily.html\">Goal: lifecycleStatus = active; achievementStatus = In Progress; category = What Matters,Social Functioning; description = ; start[x] = 2025-01-02</a></p><p><b>status</b>: Active</p><p><b>intent</b>: Plan</p><p><b>code</b>: <span title=\"Codes:{http://snomed.info/sct 91251008}\">Physical therapy procedure (regime/therapy)</span></p><p><b>subject</b>: <a href=\"Patient-ppcPatientMrK.html\">Mr. K  Male, DoB: 1948-10-07 ( http://example.org#ee8d4ac0-545c-4501-8d7e-646bfbda1dz4\u00a0(use:\u00a0official,\u00a0))</a></p><p><b>occurrence</b>: Once</p><p><b>authoredOn</b>: 2025-01-05</p><p><b>requester</b>: <a href=\"Practitioner-pcoPractitionerAnderson.html\">Practitioner John Anderson, MD</a></p><p><b>note</b>: Trial of physical therapy focused on improving stamina and energy</p></div>"
  },
  "extension" : [{
    "url" : "http://hl7.org/fhir/StructureDefinition/resource-pertainsToGoal",
    "valueReference" : {
      "reference" : "Goal/ppcGoalGrillForFamily"
    }
  }],
  "status" : "active",
  "intent" : "plan",
  "code" : {
    "coding" : [{
      "system" : "http://snomed.info/sct",
      "code" : "91251008",
      "display" : "Physical therapy procedure (regime/therapy)"
    }]
  },
  "subject" : {
    "reference" : "Patient/ppcPatientMrK"
  },
  "occurrenceTiming" : {
    "repeat" : {
      "boundsPeriod" : {
        "start" : "2025-01-05",
        "end" : "2025-03-05"
      },
      "frequency" : 1,
      "periodUnit" : "wk"
    }
  },
  "authoredOn" : "2025-01-05",
  "requester" : {
    "reference" : "Practitioner/pcoPractitionerAnderson"
  },
  "note" : [{
    "text" : "Trial of physical therapy focused on improving stamina and energy"
  }]
}